url-project-cornell-00519,project
url-course-cornell-00029,course
url-student-cornell-01009,student
url-student-cornell-01007,student
url-course-cornell-00017,course
url-faculty-cornell-00291,faculty
url-faculty-cornell-00264,faculty
url-student-cornell-01039,student
url-course-cornell-00022,course
url-student-cornell-01065,student
url-course-cornell-00246,course
url-student-cornell-01112,student
url-project-cornell-00523,project
url-student-cornell-01026,student
url-project-cornell-00539,project
url-student-cornell-01121,student
url-student-cornell-01120,student
url-student-cornell-01025,student
url-student-cornell-01014,student
url-project-cornell-01160,project
url-student-cornell-01117,student
url-student-cornell-01021,student
url-faculty-cornell-00422,faculty
url-student-cornell-01017,student
url-student-cornell-01054,student
url-student-cornell-01083,student
url-faculty-cornell-00424,faculty
url-department-cornell-01384,department
url-student-cornell-01063,student
url-student-cornell-01194,student
url-faculty-cornell-00265,faculty
url-student-cornell-01202,student
url-course-cornell-00004,course
url-course-cornell-00018,course
url-student-cornell-01006,student
url-student-cornell-01049,student
url-department-cornell-01391,department
url-project-cornell-00540,project
url-student-cornell-01105,student
url-project-cornell-00541,project
url-student-cornell-01197,student
url-project-cornell-00529,project
url-student-cornell-01104,student
url-project-cornell-01164,project
url-course-cornell-00009,course
url-project-cornell-00437,project
url-faculty-cornell-00289,faculty
url-department-cornell-01381,department
url-project-cornell-00508,project
url-student-cornell-01015,student
url-course-cornell-00250,course
url-student-cornell-01024,student
url-department-cornell-01387,department
url-student-cornell-01038,student
url-project-cornell-00511,project
url-faculty-cornell-00292,faculty
url-student-cornell-01030,student
url-project-cornell-00534,project
url-project-cornell-00510,project
url-student-cornell-01020,student
url-student-cornell-01195,student
url-student-cornell-01084,student
url-student-cornell-01116,student
url-faculty-cornell-00273,faculty
url-faculty-cornell-00425,faculty
url-student-cornell-01029,student
url-course-cornell-00003,course
url-course-cornell-01128,course
url-staff-cornell-01180,staff
url-course-cornell-00251,course
url-faculty-cornell-00297,faculty
url-course-cornell-00037,course
url-faculty-cornell-00255,faculty
url-faculty-cornell-00294,faculty
url-student-cornell-01046,student
url-department-cornell-01382,department
url-faculty-cornell-00256,faculty
url-course-cornell-00028,course
url-student-cornell-01122,student
url-faculty-cornell-00262,faculty
url-course-cornell-00015,course
url-course-cornell-00010,course
url-faculty-cornell-00272,faculty
url-project-cornell-00506,project
url-project-cornell-00517,project
url-student-cornell-01091,student
url-project-cornell-00436,project
url-student-cornell-01125,student
url-course-cornell-00020,course
url-student-cornell-01108,student
url-student-cornell-01107,student
url-student-cornell-01031,student
url-student-cornell-01090,student
url-student-cornell-01004,student
url-faculty-cornell-00280,faculty
url-project-cornell-00533,project
url-staff-cornell-00558,staff
url-course-cornell-00252,course
url-student-cornell-01070,student
url-faculty-cornell-00293,faculty
url-student-cornell-01110,student
url-student-cornell-01184,student
url-course-cornell-00030,course
url-faculty-cornell-00275,faculty
url-faculty-cornell-00281,faculty
url-student-cornell-01052,student
url-student-cornell-01033,student
url-student-cornell-01023,student
url-project-cornell-00528,project
url-faculty-cornell-00428,faculty
url-student-cornell-01056,student
url-student-cornell-01066,student
url-course-cornell-00242,course
url-staff-cornell-01179,staff
url-project-cornell-00531,project
url-student-cornell-01085,student
url-faculty-cornell-00423,faculty
url-faculty-cornell-00283,faculty
url-student-cornell-01123,student
url-staff-cornell-01177,staff
url-faculty-cornell-00420,faculty
url-faculty-cornell-00260,faculty
url-student-cornell-01081,student
url-department-cornell-01392,department
url-student-cornell-01187,student
url-department-cornell-01372,department
url-department-cornell-01380,department
url-course-cornell-00247,course
url-project-cornell-00505,project
url-course-cornell-00253,course
url-project-cornell-00435,project
url-faculty-cornell-00263,faculty
url-student-cornell-01092,student
url-student-cornell-01028,student
url-course-cornell-00016,course
url-student-cornell-01032,student
url-department-cornell-01389,department
url-student-cornell-01076,student
url-student-cornell-01078,student
url-student-cornell-01067,student
url-department-cornell-01378,department
url-student-cornell-01099,student
url-course-cornell-00013,course
url-student-cornell-01106,student
url-student-cornell-01100,student
url-student-cornell-01005,student
url-student-cornell-01115,student
url-course-cornell-00027,course
url-course-cornell-01126,course
url-student-cornell-01191,student
url-project-cornell-00524,project
url-project-cornell-00532,project
url-faculty-cornell-00421,faculty
url-student-cornell-01051,student
url-faculty-cornell-00288,faculty
url-faculty-cornell-00429,faculty
url-project-cornell-00527,project
url-course-cornell-00006,course
url-faculty-cornell-00295,faculty
url-student-cornell-01050,student
url-student-cornell-01198,student
url-project-cornell-01163,project
url-course-cornell-00241,course
url-project-cornell-00538,project
url-course-cornell-00249,course
url-student-cornell-01048,student
url-department-cornell-01374,department
url-student-cornell-01188,student
url-project-cornell-01156,project
url-student-cornell-01086,student
url-student-cornell-01060,student
url-faculty-cornell-00274,faculty
url-student-cornell-01053,student
url-faculty-cornell-01149,faculty
url-student-cornell-01011,student
url-project-cornell-01161,project
url-course-cornell-00034,course
url-project-cornell-00509,project
url-staff-cornell-01178,staff
url-student-cornell-01093,student
url-student-cornell-01087,student
url-student-cornell-01062,student
url-department-cornell-01377,department
url-course-cornell-01129,course
url-project-cornell-00516,project
url-student-cornell-01098,student
url-student-cornell-01109,student
url-project-cornell-00439,project
url-course-cornell-00026,course
url-course-cornell-00014,course
url-student-cornell-01102,student
url-project-cornell-01158,project
url-project-cornell-00522,project
url-project-cornell-00530,project
url-course-cornell-01131,course
url-student-cornell-00998,student
url-student-cornell-01124,student
url-course-cornell-00005,course
url-student-cornell-01012,student
url-project-cornell-00434,project
url-student-cornell-01069,student
url-faculty-cornell-00300,faculty
url-faculty-cornell-00261,faculty
url-student-cornell-01002,student
url-faculty-cornell-00296,faculty
url-faculty-cornell-00268,faculty
url-course-cornell-00019,course
url-department-cornell-01373,department
url-department-cornell-01386,department
url-student-cornell-01010,student
url-course-cornell-00036,course
url-student-cornell-01080,student
url-course-cornell-00245,course
url-student-cornell-01094,student
url-student-cornell-01199,student
url-student-cornell-01061,student
url-course-cornell-00008,course
url-project-cornell-00521,project
url-project-cornell-01157,project
url-student-cornell-01013,student
url-project-cornell-00504,project
url-project-cornell-00526,project
url-course-cornell-00240,course
url-project-cornell-00537,project
url-student-cornell-01045,student
url-faculty-cornell-00298,faculty
url-faculty-cornell-00286,faculty
url-student-cornell-01189,student
url-student-cornell-01003,student
url-faculty-cornell-00426,faculty
url-department-cornell-01395,department
url-student-cornell-01042,student
url-faculty-cornell-00270,faculty
url-student-cornell-01077,student
url-project-cornell-00438,project
url-student-cornell-01196,student
url-project-cornell-00433,project
url-student-cornell-01040,student
url-student-cornell-01055,student
url-faculty-cornell-00430,faculty
url-project-cornell-00520,project
url-course-cornell-00254,course
url-department-cornell-01390,department
url-faculty-cornell-00269,faculty
url-student-cornell-01185,student
url-student-cornell-01018,student
url-project-cornell-00432,project
url-course-cornell-00011,course
url-student-cornell-01034,student
url-course-cornell-00033,course
url-student-cornell-01113,student
url-course-cornell-01127,course
url-project-cornell-00518,project
url-project-cornell-00513,project
url-student-cornell-01059,student
url-student-cornell-01200,student
url-project-cornell-00507,project
url-student-cornell-01192,student
url-department-cornell-01379,department
url-department-cornell-01394,department
url-department-cornell-01388,department
url-student-cornell-01043,student
url-student-cornell-00999,student
url-student-cornell-01119,student
url-student-cornell-01071,student
url-project-cornell-00512,project
url-student-cornell-01088,student
url-faculty-cornell-01151,faculty
url-faculty-cornell-00431,faculty
url-faculty-cornell-00299,faculty
url-faculty-cornell-00279,faculty
url-faculty-cornell-00277,faculty
url-course-cornell-00032,course
url-student-cornell-01186,student
url-faculty-cornell-00276,faculty
url-staff-cornell-01176,staff
url-course-cornell-00039,course
url-faculty-cornell-01148,faculty
url-student-cornell-01064,student
url-faculty-cornell-00427,faculty
url-course-cornell-00012,course
url-faculty-cornell-00282,faculty
url-course-cornell-00021,course
url-course-cornell-01130,course
url-student-cornell-01114,student
url-student-cornell-01073,student
url-faculty-cornell-00266,faculty
url-department-cornell-01375,department
url-course-cornell-00007,course
url-course-cornell-00023,course
url-faculty-cornell-00285,faculty
url-faculty-cornell-00259,faculty
url-student-cornell-01190,student
Murl-course-cornell-00001,course
url-project-cornell-00525,project
url-student-cornell-01095,student
url-student-cornell-01019,student
url-student-cornell-01103,student
url-student-cornell-01079,student
url-student-cornell-01111,student
url-student-cornell-01035,student
url-faculty-cornell-01150,faculty
url-department-cornell-01393,department
url-student-cornell-01044,student
url-student-cornell-01000,student
url-student-cornell-01075,student
url-student-cornell-01201,student
url-project-cornell-01159,project
url-student-cornell-01057,student
url-student-cornell-01008,student
url-student-cornell-01193,student
url-project-cornell-01162,project
url-student-cornell-01027,student
url-course-cornell-00038,course
url-course-cornell-00031,course
url-faculty-cornell-00278,faculty
url-course-cornell-00002,course
url-course-cornell-00244,course
url-course-cornell-00243,course
url-student-cornell-01082,student
url-course-cornell-00035,course
url-faculty-cornell-00290,faculty
url-student-cornell-01089,student
url-student-cornell-01118,student
url-student-cornell-01072,student
url-department-cornell-01383,department
url-project-cornell-00535,project
url-student-cornell-01058,student
url-department-cornell-01396,department
url-student-cornell-01041,student
url-student-cornell-01022,student
url-faculty-cornell-00287,faculty
url-faculty-cornell-00284,faculty
url-student-cornell-01016,student
url-faculty-cornell-00267,faculty
url-project-cornell-00536,project
url-student-cornell-01096,student
url-department-cornell-01376,department
url-course-cornell-00025,course
url-faculty-cornell-00271,faculty
url-department-cornell-01385,department
url-student-cornell-01068,student
url-faculty-cornell-00258,faculty
url-project-cornell-00514,project
url-course-cornell-00024,course
url-student-cornell-01037,student
url-student-cornell-01001,student
url-student-cornell-01036,student
url-student-cornell-01074,student
url-faculty-cornell-00257,faculty
url-student-cornell-01047,student
