1153254,RuleLearning
153598,ReinforcementLearning
79482,Theory
1152742,Theory
1116835,NeuralNetworks
989397,Theory
90655,NeuralNetworks
1136805,NeuralNetworks
463825,Theory
40583,ProbabilisticMethods
976284,Theory
785678,GeneticAlgorithms
1104022,NeuralNetworks
1113035,NeuralNetworks
1137460,GeneticAlgorithms
1133047,GeneticAlgorithms
116790,ProbabilisticMethods
1113459,ReinforcementLearning
502552,ProbabilisticMethods
1105688,NeuralNetworks
144679,CaseBased
787016,GeneticAlgorithms
853116,NeuralNetworks
1131236,ProbabilisticMethods
132806,GeneticAlgorithms
1114609,Theory
1154124,NeuralNetworks
1129364,NeuralNetworks
459206,GeneticAlgorithms
1152564,CaseBased
1154525,RuleLearning
1102862,Theory
593544,GeneticAlgorithms
1120169,Theory
141347,GeneticAlgorithms
237489,NeuralNetworks
1136337,ReinforcementLearning
1152451,Theory
162080,NeuralNetworks
1129115,CaseBased
633031,ProbabilisticMethods
733576,NeuralNetworks
22876,CaseBased
95642,CaseBased
1114838,Theory
1124012,ReinforcementLearning
16843,ProbabilisticMethods
173863,ProbabilisticMethods
1108841,NeuralNetworks
644093,ProbabilisticMethods
579008,GeneticAlgorithms
126867,CaseBased
1109026,ReinforcementLearning
1130080,NeuralNetworks
43698,NeuralNetworks
1131549,GeneticAlgorithms
272720,Theory
35490,CaseBased
1129103,CaseBased
52784,Theory
12238,Theory
310742,ProbabilisticMethods
243274,NeuralNetworks
39126,ProbabilisticMethods
1102442,Theory
1131257,ProbabilisticMethods
64271,CaseBased
91975,ReinforcementLearning
120039,CaseBased
899119,RuleLearning
1106849,NeuralNetworks
6152,ReinforcementLearning
80515,NeuralNetworks
14429,ProbabilisticMethods
46499,Theory
261040,CaseBased
750575,NeuralNetworks
1154251,NeuralNetworks
154047,NeuralNetworks
62347,ReinforcementLearning
1153639,ReinforcementLearning
1109203,NeuralNetworks
1123093,RuleLearning
1153649,ProbabilisticMethods
1111777,CaseBased
153063,ProbabilisticMethods
1114388,Theory
7296,NeuralNetworks
58758,GeneticAlgorithms
32276,Theory
112777,CaseBased
899085,RuleLearning
1130586,NeuralNetworks
1135358,Theory
1153891,CaseBased
135719,NeuralNetworks
29708,NeuralNetworks
105899,ProbabilisticMethods
504,ProbabilisticMethods
240321,NeuralNetworks
307352,Theory
299107,CaseBased
645327,ProbabilisticMethods
1114605,NeuralNetworks
1103108,NeuralNetworks
1136631,Theory
124734,Theory
1129018,GeneticAlgorithms
1152944,ReinforcementLearning
1113742,GeneticAlgorithms
1136493,NeuralNetworks
1131335,ProbabilisticMethods
108963,ProbabilisticMethods
15689,CaseBased
3222,CaseBased
253762,ProbabilisticMethods
1103927,ProbabilisticMethods
350362,Theory
164,Theory
129239,CaseBased
8766,RuleLearning
30901,Theory
1119532,ProbabilisticMethods
1108597,CaseBased
15431,Theory
97892,CaseBased
1119913,ProbabilisticMethods
1107950,NeuralNetworks
910,NeuralNetworks
1152182,CaseBased
551987,ProbabilisticMethods
15987,ProbabilisticMethods
7032,ProbabilisticMethods
596222,CaseBased
856853,RuleLearning
642827,ProbabilisticMethods
13717,RuleLearning
1118835,RuleLearning
166825,CaseBased
1121948,NeuralNetworks
157805,Theory
1118245,ReinforcementLearning
1137459,GeneticAlgorithms
1135125,NeuralNetworks
51909,RuleLearning
104204,GeneticAlgorithms
25702,NeuralNetworks
1106749,ProbabilisticMethods
318071,ProbabilisticMethods
62634,GeneticAlgorithms
1154073,NeuralNetworks
1109335,Theory
1118620,NeuralNetworks
552469,Theory
93923,RuleLearning
1128844,GeneticAlgorithms
1152197,RuleLearning
13972,ReinforcementLearning
714256,ProbabilisticMethods
1105373,NeuralNetworks
264556,NeuralNetworks
828224,CaseBased
1112108,ReinforcementLearning
72603,ReinforcementLearning
949217,NeuralNetworks
1109153,CaseBased
739707,NeuralNetworks
1107010,CaseBased
1153065,GeneticAlgorithms
133550,NeuralNetworks
27535,ProbabilisticMethods
176460,ProbabilisticMethods
1132505,NeuralNetworks
1237,NeuralNetworks
35863,ReinforcementLearning
66751,Theory
14062,GeneticAlgorithms
936,CaseBased
644577,ProbabilisticMethods
45189,Theory
28504,ReinforcementLearning
601462,GeneticAlgorithms
1131277,ProbabilisticMethods
103481,ReinforcementLearning
1132416,NeuralNetworks
1111044,ProbabilisticMethods
40,GeneticAlgorithms
23070,ProbabilisticMethods
1050679,GeneticAlgorithms
1122877,NeuralNetworks
136766,RuleLearning
1153262,ProbabilisticMethods
32252,Theory
1123847,CaseBased
1109581,ProbabilisticMethods
1112681,CaseBased
1112767,NeuralNetworks
345340,ReinforcementLearning
144212,GeneticAlgorithms
94058,ProbabilisticMethods
1113783,CaseBased
396429,CaseBased
6170,ReinforcementLearning
9708,CaseBased
1152597,RuleLearning
1131347,NeuralNetworks
1105854,RuleLearning
1134190,ProbabilisticMethods
315789,GeneticAlgorithms
1130913,Theory
1213,RuleLearning
987197,Theory
1130564,NeuralNetworks
299188,ReinforcementLearning
14083,NeuralNetworks
80656,NeuralNetworks
1114526,Theory
78505,NeuralNetworks
1130930,NeuralNetworks
1103960,GeneticAlgorithms
62607,RuleLearning
307656,GeneticAlgorithms
1105148,ReinforcementLearning
1103854,NeuralNetworks
1034,GeneticAlgorithms
1130920,ProbabilisticMethods
1119631,NeuralNetworks
235678,RuleLearning
1132968,NeuralNetworks
116512,NeuralNetworks
6639,RuleLearning
1042059,Theory
1121486,CaseBased
50336,ProbabilisticMethods
1110628,ProbabilisticMethods
45603,ReinforcementLearning
1135345,NeuralNetworks
131117,NeuralNetworks
37879,ProbabilisticMethods
25795,NeuralNetworks
28230,ProbabilisticMethods
273152,GeneticAlgorithms
1123293,NeuralNetworks
1153272,NeuralNetworks
8873,GeneticAlgorithms
711994,NeuralNetworks
8421,NeuralNetworks
440815,ProbabilisticMethods
1103041,CaseBased
1025864,GeneticAlgorithms
1122963,NeuralNetworks
1132703,NeuralNetworks
1154301,NeuralNetworks
205196,NeuralNetworks
20534,ReinforcementLearning
27241,Theory
919885,NeuralNetworks
1107179,CaseBased
1116397,CaseBased
1122052,NeuralNetworks
647413,GeneticAlgorithms
37483,CaseBased
1111866,NeuralNetworks
767763,Theory
46491,Theory
42209,Theory
1120444,CaseBased
1112656,NeuralNetworks
1119557,GeneticAlgorithms
73162,ProbabilisticMethods
578309,NeuralNetworks
1107667,NeuralNetworks
1153392,ReinforcementLearning
1127530,ProbabilisticMethods
192734,Theory
594900,GeneticAlgorithms
1128407,CaseBased
294126,RuleLearning
75691,NeuralNetworks
102938,NeuralNetworks
4274,CaseBased
1106687,NeuralNetworks
16435,NeuralNetworks
85688,RuleLearning
100935,GeneticAlgorithms
1131268,ProbabilisticMethods
1152792,CaseBased
1129655,GeneticAlgorithms
1127851,RuleLearning
1154022,ReinforcementLearning
28412,ReinforcementLearning
1105735,Theory
38846,CaseBased
40124,Theory
13901,ReinforcementLearning
593261,GeneticAlgorithms
60169,NeuralNetworks
1105428,RuleLearning
180373,NeuralNetworks
137130,ProbabilisticMethods
1103676,NeuralNetworks
1152162,NeuralNetworks
1111304,ReinforcementLearning
1131279,ProbabilisticMethods
51180,Theory
197452,NeuralNetworks
27249,Theory
33823,NeuralNetworks
70434,NeuralNetworks
574065,GeneticAlgorithms
1138453,ReinforcementLearning
10981,NeuralNetworks
1140621,NeuralNetworks
241821,NeuralNetworks
1131179,ProbabilisticMethods
688824,NeuralNetworks
575077,GeneticAlgorithms
51879,ProbabilisticMethods
593813,GeneticAlgorithms
1103985,GeneticAlgorithms
169280,NeuralNetworks
28202,ReinforcementLearning
28851,GeneticAlgorithms
1129392,ProbabilisticMethods
1128425,NeuralNetworks
523574,ProbabilisticMethods
22229,GeneticAlgorithms
289781,GeneticAlgorithms
80491,NeuralNetworks
1113084,NeuralNetworks
1105458,NeuralNetworks
3232,Theory
70444,CaseBased
39165,ProbabilisticMethods
503877,GeneticAlgorithms
312409,NeuralNetworks
630890,NeuralNetworks
46547,Theory
1118120,NeuralNetworks
574462,GeneticAlgorithms
12211,Theory
39403,ReinforcementLearning
573965,GeneticAlgorithms
1129443,NeuralNetworks
54129,GeneticAlgorithms
141324,GeneticAlgorithms
1137455,GeneticAlgorithms
1116821,CaseBased
1131275,ProbabilisticMethods
642641,ProbabilisticMethods
561593,ProbabilisticMethods
1131735,NeuralNetworks
1130847,GeneticAlgorithms
375605,GeneticAlgorithms
259118,GeneticAlgorithms
561568,ProbabilisticMethods
1115338,NeuralNetworks
1131127,GeneticAlgorithms
672070,NeuralNetworks
1153764,Theory
592973,GeneticAlgorithms
1107569,NeuralNetworks
108073,NeuralNetworks
447224,GeneticAlgorithms
8875,GeneticAlgorithms
27895,Theory
205192,NeuralNetworks
1114993,ProbabilisticMethods
949318,NeuralNetworks
1117476,GeneticAlgorithms
1122114,NeuralNetworks
1111240,NeuralNetworks
12198,Theory
45052,ProbabilisticMethods
141160,NeuralNetworks
1130327,CaseBased
1102837,ReinforcementLearning
1131330,ProbabilisticMethods
1128204,GeneticAlgorithms
148170,GeneticAlgorithms
561674,NeuralNetworks
1131137,ProbabilisticMethods
1128974,GeneticAlgorithms
1119041,ProbabilisticMethods
733167,NeuralNetworks
28632,Theory
1140362,NeuralNetworks
16008,ProbabilisticMethods
444191,NeuralNetworks
52000,NeuralNetworks
589082,CaseBased
1124005,NeuralNetworks
1105646,NeuralNetworks
593249,GeneticAlgorithms
1112574,Theory
4983,GeneticAlgorithms
143323,CaseBased
810140,Theory
99023,NeuralNetworks
370366,NeuralNetworks
1104189,ReinforcementLearning
63812,CaseBased
574715,GeneticAlgorithms
1130852,GeneticAlgorithms
561665,ProbabilisticMethods
36802,ProbabilisticMethods
1104707,RuleLearning
245955,ReinforcementLearning
1107522,ReinforcementLearning
13656,NeuralNetworks
1130450,CaseBased
591121,RuleLearning
1139669,NeuralNetworks
1111622,RuleLearning
1108977,Theory
199571,NeuralNetworks
315266,ProbabilisticMethods
642894,ProbabilisticMethods
155738,Theory
1152135,RuleLearning
139865,NeuralNetworks
634938,GeneticAlgorithms
643777,NeuralNetworks
259772,CaseBased
19045,GeneticAlgorithms
12330,NeuralNetworks
158812,NeuralNetworks
1153908,GeneticAlgorithms
152227,Theory
214472,ReinforcementLearning
693143,Theory
1122450,CaseBased
975567,GeneticAlgorithms
48764,ReinforcementLearning
1106568,NeuralNetworks
184918,NeuralNetworks
1120170,ReinforcementLearning
1152720,CaseBased
642920,NeuralNetworks
1136429,ProbabilisticMethods
18832,ReinforcementLearning
1114671,ReinforcementLearning
1107007,NeuralNetworks
594898,GeneticAlgorithms
292277,GeneticAlgorithms
1131672,GeneticAlgorithms
1153097,NeuralNetworks
1105536,ProbabilisticMethods
1152299,ReinforcementLearning
23258,ReinforcementLearning
1130658,CaseBased
267003,NeuralNetworks
1152226,Theory
28278,ReinforcementLearning
1124915,ProbabilisticMethods
1108134,Theory
5086,ProbabilisticMethods
1154081,NeuralNetworks
1106330,CaseBased
62274,Theory
423816,GeneticAlgorithms
1116590,CaseBased
1104379,NeuralNetworks
180399,NeuralNetworks
74700,ProbabilisticMethods
1125053,CaseBased
646913,GeneticAlgorithms
22883,Theory
51834,Theory
1128315,GeneticAlgorithms
780180,NeuralNetworks
66596,RuleLearning
91068,NeuralNetworks
75674,ReinforcementLearning
6224,ReinforcementLearning
70970,GeneticAlgorithms
134320,ProbabilisticMethods
671052,NeuralNetworks
86258,Theory
13213,ReinforcementLearning
1154126,NeuralNetworks
1152209,NeuralNetworks
28290,ReinforcementLearning
432702,NeuralNetworks
887,GeneticAlgorithms
46470,Theory
1121200,Theory
1106547,ReinforcementLearning
130,ReinforcementLearning
90888,NeuralNetworks
145134,NeuralNetworks
1115151,NeuralNetworks
6782,Theory
140569,NeuralNetworks
583318,GeneticAlgorithms
247474,CaseBased
1131411,NeuralNetworks
25794,NeuralNetworks
1129098,CaseBased
28026,CaseBased
1127397,NeuralNetworks
55801,CaseBased
69418,NeuralNetworks
1119953,ReinforcementLearning
110187,ProbabilisticMethods
1102567,CaseBased
1121254,ProbabilisticMethods
1111978,ProbabilisticMethods
1109000,ProbabilisticMethods
1128324,Theory
479690,ReinforcementLearning
1119505,GeneticAlgorithms
1152958,NeuralNetworks
1125402,ProbabilisticMethods
1116044,ProbabilisticMethods
112813,CaseBased
78552,NeuralNetworks
428610,NeuralNetworks
326083,CaseBased
6196,ReinforcementLearning
576362,GeneticAlgorithms
1112357,RuleLearning
1123756,GeneticAlgorithms
8699,Theory
714260,ProbabilisticMethods
7867,CaseBased
1153816,GeneticAlgorithms
189572,ProbabilisticMethods
650834,GeneticAlgorithms
1127657,Theory
4878,CaseBased
1033,GeneticAlgorithms
1128990,GeneticAlgorithms
73972,CaseBased
1115471,RuleLearning
131042,NeuralNetworks
1121603,NeuralNetworks
696345,NeuralNetworks
8582,NeuralNetworks
1140288,NeuralNetworks
1116011,ReinforcementLearning
1121063,Theory
1105502,ProbabilisticMethods
738150,NeuralNetworks
385572,NeuralNetworks
1104495,NeuralNetworks
45599,GeneticAlgorithms
12197,Theory
1133044,NeuralNetworks
1110000,ProbabilisticMethods
1128416,NeuralNetworks
1112188,Theory
42848,GeneticAlgorithms
9586,GeneticAlgorithms
50339,ProbabilisticMethods
1133037,NeuralNetworks
646419,ProbabilisticMethods
1153613,GeneticAlgorithms
1133994,NeuralNetworks
1116530,ProbabilisticMethods
1103110,ProbabilisticMethods
1112059,Theory
1104787,NeuralNetworks
17811,GeneticAlgorithms
779960,NeuralNetworks
626531,ProbabilisticMethods
1153127,NeuralNetworks
1105603,NeuralNetworks
1131195,NeuralNetworks
1152277,NeuralNetworks
1917,ReinforcementLearning
179706,NeuralNetworks
709518,NeuralNetworks
417017,CaseBased
1107298,NeuralNetworks
1129907,ProbabilisticMethods
1152244,CaseBased
44368,GeneticAlgorithms
358884,Theory
8213,ReinforcementLearning
1125469,ProbabilisticMethods
369029,Theory
23938,Theory
1131345,NeuralNetworks
1133338,GeneticAlgorithms
1108565,NeuralNetworks
1153937,ReinforcementLearning
523394,ProbabilisticMethods
6216,ReinforcementLearning
263279,GeneticAlgorithms
1126010,ProbabilisticMethods
708945,NeuralNetworks
13212,NeuralNetworks
1107910,Theory
1154233,ProbabilisticMethods
286500,GeneticAlgorithms
1153264,Theory
1154285,NeuralNetworks
644441,ProbabilisticMethods
35852,ReinforcementLearning
411092,RuleLearning
682666,ReinforcementLearning
1110283,ProbabilisticMethods
129287,NeuralNetworks
1154618,ReinforcementLearning
5055,Theory
129896,ProbabilisticMethods
193918,NeuralNetworks
1114556,ReinforcementLearning
252725,RuleLearning
1153112,ProbabilisticMethods
1131184,NeuralNetworks
1132879,NeuralNetworks
1110768,NeuralNetworks
594011,GeneticAlgorithms
1132708,NeuralNetworks
103529,CaseBased
1153056,ReinforcementLearning
10310,NeuralNetworks
1140548,NeuralNetworks
235670,RuleLearning
171954,Theory
235683,RuleLearning
2702,NeuralNetworks
1123576,NeuralNetworks
12195,Theory
1131190,ProbabilisticMethods
1110735,NeuralNetworks
1152844,GeneticAlgorithms
300806,NeuralNetworks
227178,GeneticAlgorithms
37884,ProbabilisticMethods
170338,ReinforcementLearning
1107160,NeuralNetworks
25199,NeuralNetworks
1108169,NeuralNetworks
1129368,GeneticAlgorithms
1118388,CaseBased
31927,NeuralNetworks
701429,ProbabilisticMethods
1131734,GeneticAlgorithms
1117839,NeuralNetworks
578651,GeneticAlgorithms
48781,GeneticAlgorithms
1102873,NeuralNetworks
273949,Theory
1109865,NeuralNetworks
1152701,NeuralNetworks
22563,NeuralNetworks
574659,GeneticAlgorithms
22874,CaseBased
1152909,ReinforcementLearning
160281,NeuralNetworks
335453,ReinforcementLearning
1103221,ProbabilisticMethods
1120451,CaseBased
94229,NeuralNetworks
1139672,GeneticAlgorithms
37541,Theory
647408,GeneticAlgorithms
1095507,ProbabilisticMethods
1131323,ProbabilisticMethods
582349,NeuralNetworks
1134350,ProbabilisticMethods
1112023,NeuralNetworks
248119,Theory
35797,NeuralNetworks
27250,Theory
1154103,ProbabilisticMethods
13655,NeuralNetworks
1122574,NeuralNetworks
1688,GeneticAlgorithms
1117734,NeuralNetworks
1153853,GeneticAlgorithms
1128930,CaseBased
59772,NeuralNetworks
20928,CaseBased
643735,NeuralNetworks
5454,NeuralNetworks
671112,NeuralNetworks
159897,ProbabilisticMethods
108350,CaseBased
634904,GeneticAlgorithms
44474,ProbabilisticMethods
1123867,Theory
10531,NeuralNetworks
1118848,NeuralNetworks
1116693,RuleLearning
38205,GeneticAlgorithms
285687,NeuralNetworks
1137467,GeneticAlgorithms
218666,CaseBased
447526,NeuralNetworks
1109381,CaseBased
1128477,NeuralNetworks
67346,Theory
6775,NeuralNetworks
1109654,GeneticAlgorithms
168958,NeuralNetworks
1117719,CaseBased
5069,CaseBased
111770,ProbabilisticMethods
235776,Theory
294030,ProbabilisticMethods
1131632,NeuralNetworks
1134031,RuleLearning
1104911,CaseBased
49720,ProbabilisticMethods
1108363,CaseBased
424540,NeuralNetworks
1120310,NeuralNetworks
1129629,GeneticAlgorithms
1107938,Theory
1035,ReinforcementLearning
1107095,RuleLearning
286513,GeneticAlgorithms
346292,NeuralNetworks
110233,NeuralNetworks
643681,ProbabilisticMethods
1374,ProbabilisticMethods
6539,Theory
1112497,ProbabilisticMethods
83461,RuleLearning
1152272,NeuralNetworks
278394,NeuralNetworks
1103455,ProbabilisticMethods
1133370,ProbabilisticMethods
33231,ProbabilisticMethods
1113249,Theory
1152821,NeuralNetworks
56709,GeneticAlgorithms
96845,GeneticAlgorithms
751408,NeuralNetworks
1118286,RuleLearning
521251,CaseBased
50354,NeuralNetworks
1114628,NeuralNetworks
561582,ProbabilisticMethods
1125401,ProbabilisticMethods
387634,NeuralNetworks
756061,NeuralNetworks
1154012,ProbabilisticMethods
228990,NeuralNetworks
248431,GeneticAlgorithms
159076,ProbabilisticMethods
589923,ProbabilisticMethods
120819,NeuralNetworks
308003,RuleLearning
683294,ProbabilisticMethods
428252,GeneticAlgorithms
1153280,GeneticAlgorithms
1118222,ProbabilisticMethods
574710,GeneticAlgorithms
13136,NeuralNetworks
1137456,GeneticAlgorithms
429805,CaseBased
1130243,ProbabilisticMethods
1106167,NeuralNetworks
32688,NeuralNetworks
44455,GeneticAlgorithms
1103031,ProbabilisticMethods
578347,NeuralNetworks
1131318,ProbabilisticMethods
737204,NeuralNetworks
1129681,GeneticAlgorithms
162779,ProbabilisticMethods
1128948,GeneticAlgorithms
18770,ProbabilisticMethods
287787,GeneticAlgorithms
8961,ReinforcementLearning
66794,ProbabilisticMethods
191222,NeuralNetworks
1128945,GeneticAlgorithms
79809,Theory
82088,ReinforcementLearning
1152917,ProbabilisticMethods
58454,CaseBased
42207,Theory
1131557,GeneticAlgorithms
105620,ProbabilisticMethods
17555,NeuralNetworks
606479,GeneticAlgorithms
1127532,ProbabilisticMethods
594965,GeneticAlgorithms
625911,ProbabilisticMethods
1103969,ProbabilisticMethods
1136446,NeuralNetworks
466170,NeuralNetworks
1114611,ProbabilisticMethods
1107325,CaseBased
596075,CaseBased
1113551,CaseBased
703953,ProbabilisticMethods
1112099,Theory
1116629,NeuralNetworks
1121802,NeuralNetworks
1102621,NeuralNetworks
1114976,CaseBased
1154083,CaseBased
1110773,ProbabilisticMethods
1048537,Theory
1106294,GeneticAlgorithms
645146,ProbabilisticMethods
66986,NeuralNetworks
1113487,NeuralNetworks
3236,Theory
128540,GeneticAlgorithms
578649,GeneticAlgorithms
86851,Theory
308920,ProbabilisticMethods
1153091,RuleLearning
95586,ReinforcementLearning
1153769,ProbabilisticMethods
1133419,NeuralNetworks
1113342,CaseBased
5038,Theory
27623,NeuralNetworks
1128868,NeuralNetworks
1128536,Theory
86692,Theory
43165,NeuralNetworks
1110179,ReinforcementLearning
360028,Theory
133615,RuleLearning
175355,CaseBased
3220,NeuralNetworks
18811,ProbabilisticMethods
51045,ProbabilisticMethods
31349,NeuralNetworks
126926,ProbabilisticMethods
576257,GeneticAlgorithms
219976,CaseBased
27530,NeuralNetworks
83847,NeuralNetworks
1113302,GeneticAlgorithms
198443,GeneticAlgorithms
1134320,ProbabilisticMethods
194617,NeuralNetworks
1112911,GeneticAlgorithms
116021,Theory
16451,NeuralNetworks
28447,CaseBased
216877,RuleLearning
1113253,ReinforcementLearning
582139,NeuralNetworks
1131565,NeuralNetworks
8832,CaseBased
948299,NeuralNetworks
31970,GeneticAlgorithms
1108529,ProbabilisticMethods
815073,NeuralNetworks
1105893,CaseBased
1131333,ProbabilisticMethods
510715,ProbabilisticMethods
12194,Theory
397590,RuleLearning
155277,ProbabilisticMethods
90893,CaseBased
60462,RuleLearning
170337,ReinforcementLearning
628500,ReinforcementLearning
1126037,NeuralNetworks
128202,Theory
195516,ReinforcementLearning
6130,NeuralNetworks
593210,GeneticAlgorithms
1113013,ProbabilisticMethods
77829,CaseBased
1103979,NeuralNetworks
758602,NeuralNetworks
83826,NeuralNetworks
1102842,CaseBased
1105450,Theory
112787,CaseBased
1153846,GeneticAlgorithms
648369,NeuralNetworks
1120646,NeuralNetworks
175578,Theory
1108834,NeuralNetworks
1112650,ProbabilisticMethods
1116994,GeneticAlgorithms
1133482,Theory
648232,NeuralNetworks
163235,NeuralNetworks
910838,NeuralNetworks
445938,ProbabilisticMethods
282334,ReinforcementLearning
1385,NeuralNetworks
119114,GeneticAlgorithms
18612,Theory
46500,Theory
28256,ReinforcementLearning
1131447,NeuralNetworks
1132406,NeuralNetworks
35335,NeuralNetworks
1153060,NeuralNetworks
119761,NeuralNetworks
1132882,NeuralNetworks
6184,ReinforcementLearning
41666,Theory
302989,Theory
689152,NeuralNetworks
790675,Theory
188318,NeuralNetworks
1138968,GeneticAlgorithms
31055,NeuralNetworks
13024,RuleLearning
78511,GeneticAlgorithms
1114339,RuleLearning
1107385,NeuralNetworks
51052,ProbabilisticMethods
1131230,ProbabilisticMethods
1132857,ProbabilisticMethods
1124682,Theory
15984,ProbabilisticMethods
191216,NeuralNetworks
340076,NeuralNetworks
1152554,RuleLearning
1103032,ProbabilisticMethods
1107464,NeuralNetworks
1132815,NeuralNetworks
31336,NeuralNetworks
299195,NeuralNetworks
1105718,NeuralNetworks
1153896,GeneticAlgorithms
1123971,ProbabilisticMethods
1114331,GeneticAlgorithms
65074,ProbabilisticMethods
135798,CaseBased
94641,GeneticAlgorithms
14549,Theory
1116454,Theory
1117699,NeuralNetworks
128203,Theory
1153650,ProbabilisticMethods
32083,NeuralNetworks
16437,NeuralNetworks
47570,CaseBased
1152080,ReinforcementLearning
522626,Theory
1115064,NeuralNetworks
174418,Theory
39124,CaseBased
1124836,ReinforcementLearning
1120194,NeuralNetworks
1060767,ReinforcementLearning
562067,ProbabilisticMethods
1123239,NeuralNetworks
75121,CaseBased
155736,Theory
1154027,NeuralNetworks
6217,ReinforcementLearning
1130928,NeuralNetworks
3235,ProbabilisticMethods
986996,NeuralNetworks
820662,Theory
1105033,ReinforcementLearning
3192,ProbabilisticMethods
309476,Theory
714748,ProbabilisticMethods
89308,CaseBased
1135100,CaseBased
594649,GeneticAlgorithms
1136115,Theory
1102550,GeneticAlgorithms
1103714,ProbabilisticMethods
566664,CaseBased
1107579,NeuralNetworks
6925,NeuralNetworks
1117760,ReinforcementLearning
44017,Theory
1131503,ReinforcementLearning
1113541,NeuralNetworks
645084,ProbabilisticMethods
1152478,GeneticAlgorithms
1107200,ProbabilisticMethods
1125061,Theory
1124413,Theory
87417,GeneticAlgorithms
576691,GeneticAlgorithms
73119,ProbabilisticMethods
1154085,GeneticAlgorithms
148341,GeneticAlgorithms
36145,NeuralNetworks
928873,NeuralNetworks
1131737,NeuralNetworks
1119782,NeuralNetworks
1117503,NeuralNetworks
1131149,NeuralNetworks
13885,NeuralNetworks
687401,NeuralNetworks
1132195,NeuralNetworks
1128934,CaseBased
58865,ProbabilisticMethods
1272,Theory
1117897,NeuralNetworks
682508,ProbabilisticMethods
1132937,NeuralNetworks
328370,NeuralNetworks
592986,GeneticAlgorithms
95589,ReinforcementLearning
51828,NeuralNetworks
1123215,Theory
1115674,ProbabilisticMethods
1153166,CaseBased
1133961,ProbabilisticMethods
589164,CaseBased
446610,ProbabilisticMethods
158614,Theory
1135342,GeneticAlgorithms
1120563,CaseBased
1131164,ProbabilisticMethods
9513,Theory
191404,ProbabilisticMethods
1153024,ProbabilisticMethods
1109566,Theory
1118846,NeuralNetworks
1129096,ReinforcementLearning
1999,Theory
1131165,ProbabilisticMethods
1112194,NeuralNetworks
1105672,NeuralNetworks
1153183,Theory
64519,ReinforcementLearning
374649,NeuralNetworks
1152206,Theory
62333,NeuralNetworks
34266,NeuralNetworks
633081,ProbabilisticMethods
189775,ProbabilisticMethods
262178,GeneticAlgorithms
1107572,Theory
188471,ReinforcementLearning
1136310,ProbabilisticMethods
52116,ProbabilisticMethods
83725,GeneticAlgorithms
45533,NeuralNetworks
28385,ReinforcementLearning
644361,ProbabilisticMethods
278403,NeuralNetworks
1106707,Theory
1124445,Theory
1102646,NeuralNetworks
48075,RuleLearning
17477,GeneticAlgorithms
335733,GeneticAlgorithms
10430,CaseBased
1132157,ProbabilisticMethods
1131344,NeuralNetworks
1120252,ProbabilisticMethods
1138970,Theory
1126861,NeuralNetworks
25184,NeuralNetworks
217115,Theory
1134197,NeuralNetworks
299197,NeuralNetworks
124828,NeuralNetworks
1120019,NeuralNetworks
1127562,ProbabilisticMethods
179075,Theory
1135384,NeuralNetworks
112780,CaseBased
1105589,Theory
1111468,Theory
1112479,GeneticAlgorithms
1130634,NeuralNetworks
134316,ProbabilisticMethods
1107674,GeneticAlgorithms
1153895,GeneticAlgorithms
1120643,GeneticAlgorithms
1114222,ProbabilisticMethods
606299,GeneticAlgorithms
1131466,ProbabilisticMethods
6169,ReinforcementLearning
11388,Theory
34708,NeuralNetworks
1130561,NeuralNetworks
1127214,Theory
8874,GeneticAlgorithms
148082,NeuralNetworks
293271,ReinforcementLearning
442004,ReinforcementLearning
127033,GeneticAlgorithms
1116569,NeuralNetworks
593091,GeneticAlgorithms
1118496,NeuralNetworks
38561,ProbabilisticMethods
592975,GeneticAlgorithms
1140325,NeuralNetworks
1132916,NeuralNetworks
22241,GeneticAlgorithms
1108570,Theory
662250,NeuralNetworks
1140040,NeuralNetworks
52007,NeuralNetworks
941,CaseBased
3828,CaseBased
662572,NeuralNetworks
950052,NeuralNetworks
1115375,NeuralNetworks
942,CaseBased
576973,GeneticAlgorithms
1154622,Theory
1117501,NeuralNetworks
49660,Theory
431206,ProbabilisticMethods
112378,CaseBased
1112723,NeuralNetworks
20850,Theory
212928,NeuralNetworks
1103898,NeuralNetworks
15429,Theory
1108015,NeuralNetworks
1135228,NeuralNetworks
168956,NeuralNetworks
1108595,NeuralNetworks
119681,NeuralNetworks
91581,ProbabilisticMethods
390906,NeuralNetworks
653441,ProbabilisticMethods
284414,CaseBased
1110789,NeuralNetworks
1153899,GeneticAlgorithms
911016,NeuralNetworks
1122836,NeuralNetworks
1115682,GeneticAlgorithms
754594,NeuralNetworks
1152994,GeneticAlgorithms
17242,ProbabilisticMethods
1131266,ProbabilisticMethods
1153353,ReinforcementLearning
307994,RuleLearning
1153852,GeneticAlgorithms
18619,Theory
18834,ReinforcementLearning
1106298,Theory
1124430,RuleLearning
34082,ProbabilisticMethods
28359,ReinforcementLearning
1115207,RuleLearning
1105011,ProbabilisticMethods
33412,NeuralNetworks
1128267,ReinforcementLearning
1105360,RuleLearning
41417,CaseBased
1131633,NeuralNetworks
96851,GeneticAlgorithms
128141,CaseBased
1129104,CaseBased
31483,ProbabilisticMethods
1115886,ReinforcementLearning
2658,NeuralNetworks
1113629,NeuralNetworks
1104449,NeuralNetworks
220420,GeneticAlgorithms
1132923,GeneticAlgorithms
6385,ReinforcementLearning
1106546,ProbabilisticMethods
1104161,RuleLearning
1113683,NeuralNetworks
1135899,NeuralNetworks
1127437,GeneticAlgorithms
1129111,NeuralNetworks
579108,GeneticAlgorithms
575331,GeneticAlgorithms
134199,GeneticAlgorithms
1786,RuleLearning
943087,Theory
1134022,GeneticAlgorithms
7429,ProbabilisticMethods
6346,CaseBased
1153933,NeuralNetworks
1135955,NeuralNetworks
1111614,CaseBased
1131640,NeuralNetworks
1128881,RuleLearning
212097,ProbabilisticMethods
1153195,NeuralNetworks
1154523,RuleLearning
1021601,NeuralNetworks
20584,NeuralNetworks
1120858,NeuralNetworks
1124910,Theory
1121456,NeuralNetworks
1114408,NeuralNetworks
295824,ReinforcementLearning
1120431,NeuralNetworks
36167,ReinforcementLearning
237521,NeuralNetworks
400356,NeuralNetworks
834861,NeuralNetworks
368657,NeuralNetworks
1817,GeneticAlgorithms
576725,GeneticAlgorithms
1125952,RuleLearning
1111675,ProbabilisticMethods
1125562,GeneticAlgorithms
84021,GeneticAlgorithms
79150,ProbabilisticMethods
838948,NeuralNetworks
189571,ProbabilisticMethods
470511,CaseBased
1130805,NeuralNetworks
96379,NeuralNetworks
578652,GeneticAlgorithms
210871,GeneticAlgorithms
116553,GeneticAlgorithms
231198,NeuralNetworks
646809,GeneticAlgorithms
1112702,RuleLearning
44578,ReinforcementLearning
187260,CaseBased
644448,ProbabilisticMethods
358887,ProbabilisticMethods
1152421,GeneticAlgorithms
510718,ProbabilisticMethods
18785,ProbabilisticMethods
662279,NeuralNetworks
1111852,CaseBased
240791,GeneticAlgorithms
1114024,ProbabilisticMethods
632874,ProbabilisticMethods
1152565,NeuralNetworks
1107032,NeuralNetworks
158098,ProbabilisticMethods
78557,NeuralNetworks
593649,GeneticAlgorithms
1133059,GeneticAlgorithms
329751,RuleLearning
1153809,ProbabilisticMethods
14431,ProbabilisticMethods
108047,GeneticAlgorithms
28476,ReinforcementLearning
1125476,ProbabilisticMethods
1153921,NeuralNetworks
686030,NeuralNetworks
284025,NeuralNetworks
57948,Theory
159084,NeuralNetworks
27632,ReinforcementLearning
628668,ReinforcementLearning
1115256,NeuralNetworks
714882,ProbabilisticMethods
1108358,Theory
593559,GeneticAlgorithms
340078,NeuralNetworks
529165,NeuralNetworks
1130454,ProbabilisticMethods
1114664,CaseBased
786392,GeneticAlgorithms
212930,NeuralNetworks
1130356,Theory
134315,ProbabilisticMethods
1131741,GeneticAlgorithms
348305,RuleLearning
1108299,Theory
152226,Theory
594047,GeneticAlgorithms
1959,CaseBased
1152896,CaseBased
411005,NeuralNetworks
145215,CaseBased
31076,RuleLearning
1130808,NeuralNetworks
100701,CaseBased
46468,ProbabilisticMethods
519353,ProbabilisticMethods
1153389,ReinforcementLearning
77112,Theory
1120807,NeuralNetworks
1111052,ReinforcementLearning
267824,NeuralNetworks
1152438,CaseBased
1114442,GeneticAlgorithms
430711,NeuralNetworks
628459,NeuralNetworks
1115082,Theory
28485,ReinforcementLearning
86731,Theory
1153827,Theory
591016,RuleLearning
206524,RuleLearning
696343,NeuralNetworks
1127427,CaseBased
187559,NeuralNetworks
1117697,NeuralNetworks
1127510,Theory
595056,GeneticAlgorithms
459213,GeneticAlgorithms
617923,RuleLearning
52847,Theory
289085,NeuralNetworks
35363,NeuralNetworks
25181,NeuralNetworks
60159,NeuralNetworks
1123748,RuleLearning
1127484,NeuralNetworks
1103296,NeuralNetworks
1135137,NeuralNetworks
1152460,GeneticAlgorithms
82098,GeneticAlgorithms
1154298,NeuralNetworks
1152075,Theory
481073,ReinforcementLearning
1021272,RuleLearning
117316,GeneticAlgorithms
1111186,NeuralNetworks
1126011,ProbabilisticMethods
649739,NeuralNetworks
300139,ReinforcementLearning
129042,CaseBased
1153275,Theory
1105531,ProbabilisticMethods
1129116,CaseBased
1116839,CaseBased
1113328,NeuralNetworks
126927,ProbabilisticMethods
1120211,NeuralNetworks
184157,ReinforcementLearning
1128935,RuleLearning
4553,RuleLearning
1125953,RuleLearning
645571,ProbabilisticMethods
1113879,ProbabilisticMethods
221302,CaseBased
1111225,NeuralNetworks
40605,ProbabilisticMethods
390922,ProbabilisticMethods
82087,GeneticAlgorithms
61417,RuleLearning
1063773,NeuralNetworks
1128256,Theory
189721,ProbabilisticMethods
157236,Theory
1131180,ProbabilisticMethods
1134056,NeuralNetworks
1131192,ProbabilisticMethods
157401,NeuralNetworks
27510,Theory
134128,ReinforcementLearning
46079,GeneticAlgorithms
1105574,NeuralNetworks
103482,NeuralNetworks
1132459,NeuralNetworks
28249,ReinforcementLearning
119705,NeuralNetworks
1121606,NeuralNetworks
733660,NeuralNetworks
293974,ProbabilisticMethods
1123294,ReinforcementLearning
1131374,GeneticAlgorithms
1120650,RuleLearning
1128977,GeneticAlgorithms
1131748,NeuralNetworks
1122704,NeuralNetworks
134309,ProbabilisticMethods
1108607,NeuralNetworks
520471,RuleLearning
1115381,CaseBased
1113638,NeuralNetworks
93755,Theory
89547,Theory
68463,RuleLearning
77108,Theory
1129518,ProbabilisticMethods
10186,Theory
134314,ProbabilisticMethods
1137790,RuleLearning
593328,GeneticAlgorithms
1128995,GeneticAlgorithms
1132385,Theory
156794,ProbabilisticMethods
593240,GeneticAlgorithms
308008,RuleLearning
1153156,Theory
17798,CaseBased
1130570,NeuralNetworks
1129673,NeuralNetworks
137790,Theory
1153897,GeneticAlgorithms
503883,GeneticAlgorithms
1133049,GeneticAlgorithms
1121057,CaseBased
1107355,ReinforcementLearning
1114084,NeuralNetworks
608296,Theory
1122425,ReinforcementLearning
1117049,GeneticAlgorithms
3233,ProbabilisticMethods
1124021,NeuralNetworks
1153109,NeuralNetworks
19231,Theory
763181,NeuralNetworks
202522,ProbabilisticMethods
1134024,NeuralNetworks
1132887,ProbabilisticMethods
714975,ProbabilisticMethods
148050,NeuralNetworks
2695,NeuralNetworks
6786,ProbabilisticMethods
25805,Theory
1102570,ProbabilisticMethods
1136448,NeuralNetworks
641976,NeuralNetworks
102406,Theory
217120,Theory
1131464,NeuralNetworks
6207,ReinforcementLearning
433407,NeuralNetworks
1116268,Theory
8224,Theory
1129108,ProbabilisticMethods
1153101,RuleLearning
34979,Theory
1102693,GeneticAlgorithms
143676,NeuralNetworks
1123814,CaseBased
1104007,Theory
1116410,CaseBased
258259,NeuralNetworks
1103133,NeuralNetworks
1126012,ProbabilisticMethods
1130324,CaseBased
46476,RuleLearning
173872,RuleLearning
69392,NeuralNetworks
1107403,NeuralNetworks
1137770,Theory
1154123,NeuralNetworks
1115208,CaseBased
1152714,NeuralNetworks
379288,CaseBased
1121398,GeneticAlgorithms
334153,Theory
1105655,NeuralNetworks
193932,NeuralNetworks
434,ReinforcementLearning
12165,Theory
1131471,CaseBased
141596,NeuralNetworks
1116181,Theory
1120361,NeuralNetworks
1153064,Theory
1111752,NeuralNetworks
1107959,NeuralNetworks
1102947,Theory
1127817,GeneticAlgorithms
241133,Theory
18773,ProbabilisticMethods
82664,CaseBased
608190,GeneticAlgorithms
628260,ReinforcementLearning
560936,NeuralNetworks
58552,NeuralNetworks
1152407,ProbabilisticMethods
12946,ProbabilisticMethods
1113317,CaseBased
2440,RuleLearning
1153893,GeneticAlgorithms
1109607,NeuralNetworks
197054,ReinforcementLearning
1135106,NeuralNetworks
1153942,GeneticAlgorithms
124952,ProbabilisticMethods
1128238,Theory
71336,NeuralNetworks
1114507,ProbabilisticMethods
578337,NeuralNetworks
390889,NeuralNetworks
1154276,NeuralNetworks
1125258,NeuralNetworks
230300,ReinforcementLearning
175291,NeuralNetworks
683149,NeuralNetworks
1152508,GeneticAlgorithms
36620,CaseBased
1129023,GeneticAlgorithms
1152633,ProbabilisticMethods
1136040,NeuralNetworks
1123391,ProbabilisticMethods
1123553,ReinforcementLearning
137874,ProbabilisticMethods
180301,ProbabilisticMethods
1131736,NeuralNetworks
1107046,CaseBased
1104182,ReinforcementLearning
193352,RuleLearning
17821,ReinforcementLearning
577227,GeneticAlgorithms
189574,ProbabilisticMethods
41216,NeuralNetworks
593765,GeneticAlgorithms
1153146,ProbabilisticMethods
688361,NeuralNetworks
595157,GeneticAlgorithms
251011,NeuralNetworks
1128855,RuleLearning
1131733,NeuralNetworks
672071,NeuralNetworks
292264,GeneticAlgorithms
1106771,NeuralNetworks
1152886,GeneticAlgorithms
300071,ProbabilisticMethods
38845,CaseBased
13967,ReinforcementLearning
1108389,ProbabilisticMethods
147870,NeuralNetworks
1111635,NeuralNetworks
1118965,CaseBased
1131745,NeuralNetworks
1129138,ProbabilisticMethods
4660,Theory
1121499,NeuralNetworks
211432,Theory
417466,NeuralNetworks
8619,NeuralNetworks
134307,ProbabilisticMethods
17476,ReinforcementLearning
12158,Theory
323128,Theory
594387,GeneticAlgorithms
117315,GeneticAlgorithms
1121867,Theory
52515,ProbabilisticMethods
649941,RuleLearning
6213,ReinforcementLearning
13658,NeuralNetworks
1121518,CaseBased
308232,RuleLearning
131666,Theory
3187,ProbabilisticMethods
1131258,ProbabilisticMethods
203646,NeuralNetworks
1104031,CaseBased
611909,RuleLearning
562123,NeuralNetworks
1122526,NeuralNetworks
35905,NeuralNetworks
4335,ProbabilisticMethods
1119369,ProbabilisticMethods
911015,NeuralNetworks
7041,NeuralNetworks
1136304,Theory
1125343,GeneticAlgorithms
106590,ProbabilisticMethods
302545,ProbabilisticMethods
1102850,NeuralNetworks
1130588,NeuralNetworks
62417,ProbabilisticMethods
78508,NeuralNetworks
911198,NeuralNetworks
27631,CaseBased
6318,CaseBased
372862,RuleLearning
1153237,ProbabilisticMethods
1104207,NeuralNetworks
4330,ProbabilisticMethods
1129570,GeneticAlgorithms
1110947,CaseBased
1108951,ReinforcementLearning
98693,GeneticAlgorithms
1129573,GeneticAlgorithms
1121482,Theory
641537,ProbabilisticMethods
1152179,NeuralNetworks
10169,Theory
27254,Theory
1153532,NeuralNetworks
37998,RuleLearning
167656,Theory
1104055,Theory
90470,ProbabilisticMethods
171225,NeuralNetworks
1134148,Theory
194609,NeuralNetworks
28254,NeuralNetworks
118694,Theory
1152607,ProbabilisticMethods
856740,NeuralNetworks
647315,GeneticAlgorithms
71904,NeuralNetworks
1133058,RuleLearning
907845,NeuralNetworks
1117882,CaseBased
1115933,NeuralNetworks
1107140,Theory
1121864,CaseBased
60682,CaseBased
1129147,NeuralNetworks
1129021,GeneticAlgorithms
1135090,NeuralNetworks
1152774,ProbabilisticMethods
162688,ProbabilisticMethods
1135297,NeuralNetworks
1132893,NeuralNetworks
1152756,RuleLearning
458439,Theory
34257,NeuralNetworks
1135237,Theory
39127,RuleLearning
6910,NeuralNetworks
73327,CaseBased
19697,NeuralNetworks
20593,NeuralNetworks
593105,GeneticAlgorithms
675847,NeuralNetworks
28674,Theory
1152145,Theory
1153938,ReinforcementLearning
2354,Theory
99025,NeuralNetworks
1105764,ReinforcementLearning
628764,NeuralNetworks
136149,ProbabilisticMethods
976334,ReinforcementLearning
58453,GeneticAlgorithms
1153647,ProbabilisticMethods
1122829,GeneticAlgorithms
940,CaseBased
647447,GeneticAlgorithms
60560,NeuralNetworks
1118893,Theory
654924,NeuralNetworks
137873,ProbabilisticMethods
642621,ProbabilisticMethods
1128325,Theory
594961,GeneticAlgorithms
628667,ReinforcementLearning
1109604,ReinforcementLearning
1105361,ReinforcementLearning
8872,ReinforcementLearning
1117786,RuleLearning
96335,NeuralNetworks
1153259,CaseBased
1130539,CaseBased
12960,Theory
86923,NeuralNetworks
1114153,NeuralNetworks
1103580,NeuralNetworks
617575,NeuralNetworks
53942,Theory
633721,ProbabilisticMethods
50337,ProbabilisticMethods
16463,NeuralNetworks
1137681,CaseBased
1109542,ProbabilisticMethods
63931,RuleLearning
1130467,CaseBased
33303,CaseBased
330148,NeuralNetworks
69450,NeuralNetworks
1116146,CaseBased
1154041,NeuralNetworks
1134346,ProbabilisticMethods
10798,CaseBased
1153916,ProbabilisticMethods
15670,GeneticAlgorithms
34355,NeuralNetworks
13982,Theory
1140546,NeuralNetworks
954333,CaseBased
851968,NeuralNetworks
1153494,ProbabilisticMethods
14807,Theory
1106630,NeuralNetworks
33325,Theory
1153943,GeneticAlgorithms
1129394,ProbabilisticMethods
735303,GeneticAlgorithms
575399,GeneticAlgorithms
1107808,NeuralNetworks
1154221,Theory
1152823,CaseBased
1041169,NeuralNetworks
30934,Theory
48768,ReinforcementLearning
17241,NeuralNetworks
337766,CaseBased
1136422,NeuralNetworks
656231,CaseBased
646900,GeneticAlgorithms
1153169,RuleLearning
1131424,NeuralNetworks
193969,NeuralNetworks
51831,NeuralNetworks
63486,Theory
175576,Theory
85299,NeuralNetworks
427606,GeneticAlgorithms
1152490,NeuralNetworks
1120084,NeuralNetworks
814836,RuleLearning
311858,NeuralNetworks
1152556,Theory
1126863,NeuralNetworks
66972,Theory
1106172,ReinforcementLearning
50352,NeuralNetworks
1117089,ReinforcementLearning
578669,GeneticAlgorithms
105856,NeuralNetworks
260979,Theory
1118602,ReinforcementLearning
643069,ProbabilisticMethods
1108742,ReinforcementLearning
12275,NeuralNetworks
1113182,ReinforcementLearning
644470,ProbabilisticMethods
1130653,CaseBased
1107455,ReinforcementLearning
48555,NeuralNetworks
3227,Theory
3932,CaseBased
1109591,Theory
1127085,CaseBased
1121749,NeuralNetworks
187354,RuleLearning
1135278,NeuralNetworks
1140218,NeuralNetworks
120013,NeuralNetworks
226698,NeuralNetworks
1061840,RuleLearning
1114992,NeuralNetworks
1130925,NeuralNetworks
1132985,NeuralNetworks
594025,GeneticAlgorithms
594511,GeneticAlgorithms
595193,GeneticAlgorithms
20179,CaseBased
1153877,CaseBased
1154176,GeneticAlgorithms
1107584,NeuralNetworks
1111064,NeuralNetworks
116552,GeneticAlgorithms
1140373,ReinforcementLearning
105865,NeuralNetworks
459379,GeneticAlgorithms
1123392,NeuralNetworks
97266,ReinforcementLearning
189856,ProbabilisticMethods
66564,GeneticAlgorithms
1136447,NeuralNetworks
38722,Theory
103515,GeneticAlgorithms
79817,ProbabilisticMethods
1129015,GeneticAlgorithms
28332,ReinforcementLearning
20821,RuleLearning
1102548,CaseBased
10177,Theory
49847,RuleLearning
1115959,NeuralNetworks
82971,GeneticAlgorithms
711527,Theory
52839,Theory
1110042,ProbabilisticMethods
1154023,NeuralNetworks
714289,ProbabilisticMethods
746058,NeuralNetworks
116087,RuleLearning
1122304,NeuralNetworks
1107954,NeuralNetworks
654519,GeneticAlgorithms
12359,NeuralNetworks
412038,NeuralNetworks
1105008,NeuralNetworks
1131556,GeneticAlgorithms
7047,ReinforcementLearning
1104191,NeuralNetworks
154023,NeuralNetworks
1086453,NeuralNetworks
137956,RuleLearning
1103119,NeuralNetworks
1109461,ReinforcementLearning
33301,CaseBased
179702,NeuralNetworks
87363,GeneticAlgorithms
58540,ReinforcementLearning
362926,RuleLearning
1133008,NeuralNetworks
1105433,ProbabilisticMethods
1131300,ProbabilisticMethods
22886,CaseBased
1112097,NeuralNetworks
1153784,GeneticAlgorithms
1130022,Theory
14430,ProbabilisticMethods
1131319,ProbabilisticMethods
595063,GeneticAlgorithms
1119671,NeuralNetworks
119712,GeneticAlgorithms
49753,ProbabilisticMethods
1154754,NeuralNetworks
64319,Theory
1118083,NeuralNetworks
34961,NeuralNetworks
762980,NeuralNetworks
1118847,NeuralNetworks
1140047,NeuralNetworks
22386,CaseBased
1152859,NeuralNetworks
643643,ProbabilisticMethods
430107,Theory
1132731,GeneticAlgorithms
1111941,NeuralNetworks
1112026,NeuralNetworks
304545,CaseBased
120084,NeuralNetworks
1103212,NeuralNetworks
419038,CaseBased
6220,ReinforcementLearning
28186,NeuralNetworks
1111899,CaseBased
1112015,NeuralNetworks
45212,NeuralNetworks
1137463,GeneticAlgorithms
97377,Theory
1131338,NeuralNetworks
1107513,CaseBased
56115,GeneticAlgorithms
259702,GeneticAlgorithms
321004,GeneticAlgorithms
262606,NeuralNetworks
1127493,ProbabilisticMethods
1114711,ReinforcementLearning
28336,GeneticAlgorithms
951027,NeuralNetworks
1107367,CaseBased
1102865,NeuralNetworks
1114184,NeuralNetworks
782486,NeuralNetworks
270600,NeuralNetworks
58695,CaseBased
449841,RuleLearning
75969,RuleLearning
189763,ProbabilisticMethods
50807,GeneticAlgorithms
1107067,CaseBased
48550,NeuralNetworks
158633,CaseBased
154134,CaseBased
578650,GeneticAlgorithms
62676,NeuralNetworks
114189,ProbabilisticMethods
74821,ProbabilisticMethods
96846,GeneticAlgorithms
24196,CaseBased
577086,GeneticAlgorithms
1114949,NeuralNetworks
69198,NeuralNetworks
1132898,NeuralNetworks
1129367,GeneticAlgorithms
545647,Theory
1123227,NeuralNetworks
177993,GeneticAlgorithms
22869,CaseBased
44121,ProbabilisticMethods
1125909,ProbabilisticMethods
1128313,GeneticAlgorithms
101660,RuleLearning
1128317,GeneticAlgorithms
561364,ProbabilisticMethods
683360,ProbabilisticMethods
1152991,ProbabilisticMethods
1106313,NeuralNetworks
1139547,NeuralNetworks
1129243,ReinforcementLearning
28957,ProbabilisticMethods
1103693,ReinforcementLearning
1122372,Theory
1135113,NeuralNetworks
154982,ProbabilisticMethods
238099,RuleLearning
1109208,GeneticAlgorithms
259126,NeuralNetworks
502574,CaseBased
193354,RuleLearning
29723,ProbabilisticMethods
1106492,RuleLearning
1102863,GeneticAlgorithms
853155,NeuralNetworks
566488,CaseBased
35,GeneticAlgorithms
1135253,NeuralNetworks
1102761,CaseBased
365294,ReinforcementLearning
1131172,ProbabilisticMethods
1090067,Theory
67415,Theory
42847,NeuralNetworks
1129798,GeneticAlgorithms
175256,GeneticAlgorithms
1120938,NeuralNetworks
52003,NeuralNetworks
575795,GeneticAlgorithms
84459,Theory
54550,CaseBased
99259,NeuralNetworks
42221,Theory
1123066,NeuralNetworks
9716,Theory
18815,CaseBased
1152919,ReinforcementLearning
562940,RuleLearning
1130654,ReinforcementLearning
1125906,ProbabilisticMethods
107019,ReinforcementLearning
684986,NeuralNetworks
1131705,ProbabilisticMethods
1107319,Theory
702216,NeuralNetworks
650807,GeneticAlgorithms
1124401,Theory
399339,ReinforcementLearning
1121529,ReinforcementLearning
8581,NeuralNetworks
49843,RuleLearning
573978,GeneticAlgorithms
108974,ProbabilisticMethods
198866,CaseBased
592830,RuleLearning
255965,Theory
1117564,GeneticAlgorithms
128,ReinforcementLearning
1129663,NeuralNetworks
126912,ProbabilisticMethods
1103121,NeuralNetworks
1125944,CaseBased
625889,RuleLearning
308532,GeneticAlgorithms
193347,RuleLearning
189712,ProbabilisticMethods
1127913,GeneticAlgorithms
95718,Theory
954315,RuleLearning
1153945,GeneticAlgorithms
1130598,NeuralNetworks
561789,ProbabilisticMethods
1153651,NeuralNetworks
1129636,NeuralNetworks
1131265,ProbabilisticMethods
853114,NeuralNetworks
40922,CaseBased
1119508,NeuralNetworks
1131607,ProbabilisticMethods
129558,CaseBased
521252,Theory
1119178,CaseBased
13208,ReinforcementLearning
45606,NeuralNetworks
369993,NeuralNetworks
7532,NeuralNetworks
1127541,NeuralNetworks
1154122,NeuralNetworks
1152889,GeneticAlgorithms
1122874,Theory
311611,NeuralNetworks
1123087,NeuralNetworks
1117884,NeuralNetworks
1136397,NeuralNetworks
1153946,NeuralNetworks
1102464,NeuralNetworks
1118374,NeuralNetworks
1128959,GeneticAlgorithms
1113572,NeuralNetworks
1153438,NeuralNetworks
653443,ProbabilisticMethods
28522,CaseBased
27612,Theory
1119295,RuleLearning
696342,NeuralNetworks
341188,ReinforcementLearning
636500,Theory
1123962,RuleLearning
51049,ProbabilisticMethods
294553,ReinforcementLearning
69419,Theory
1125392,Theory
367312,NeuralNetworks
1131163,NeuralNetworks
1130632,NeuralNetworks
108983,ProbabilisticMethods
672064,NeuralNetworks
1154169,NeuralNetworks
1135162,GeneticAlgorithms
686061,Theory
590022,ProbabilisticMethods
1131267,ProbabilisticMethods
1130844,NeuralNetworks
33016,ReinforcementLearning
313815,Theory
160704,NeuralNetworks
1131773,NeuralNetworks
1110300,CaseBased
149139,Theory
1694,GeneticAlgorithms
1104361,NeuralNetworks
1121313,CaseBased
28265,CaseBased
139547,NeuralNetworks
310982,NeuralNetworks
242796,ReinforcementLearning
20178,CaseBased
626530,ProbabilisticMethods
57773,RuleLearning
39199,NeuralNetworks
193742,ReinforcementLearning
350370,Theory
1138043,Theory
1116974,NeuralNetworks
1128810,ProbabilisticMethods
368039,ProbabilisticMethods
192850,Theory
1133701,NeuralNetworks
1129682,GeneticAlgorithms
568045,RuleLearning
95588,ReinforcementLearning
1117433,CaseBased
3112,CaseBased
34263,NeuralNetworks
1115701,ProbabilisticMethods
1104809,NeuralNetworks
1112408,NeuralNetworks
1105877,ProbabilisticMethods
646836,GeneticAlgorithms
695284,Theory
1122403,CaseBased
1135095,NeuralNetworks
12439,NeuralNetworks
22566,CaseBased
102061,GeneticAlgorithms
711598,Theory
853115,NeuralNetworks
1153003,NeuralNetworks
262108,NeuralNetworks
107252,Theory
40135,NeuralNetworks
38000,RuleLearning
1122371,NeuralNetworks
1152740,ReinforcementLearning
54844,Theory
1152124,ReinforcementLearning
1104261,Theory
118435,NeuralNetworks
675756,NeuralNetworks
1132434,NeuralNetworks
943,CaseBased
173946,Theory
1135377,NeuralNetworks
646440,ProbabilisticMethods
1135097,RuleLearning
1133010,ProbabilisticMethods
20601,Theory
162664,ProbabilisticMethods
6163,ReinforcementLearning
1135338,ProbabilisticMethods
273039,Theory
820661,NeuralNetworks
1123493,Theory
1119987,CaseBased
6898,NeuralNetworks
636511,NeuralNetworks
1059953,Theory
1130550,ReinforcementLearning
594252,GeneticAlgorithms
1023461,CaseBased
1119030,RuleLearning
1112929,NeuralNetworks
1153894,GeneticAlgorithms
1138893,RuleLearning
1131425,NeuralNetworks
1113219,ProbabilisticMethods
190706,GeneticAlgorithms
509315,GeneticAlgorithms
411417,NeuralNetworks
33818,NeuralNetworks
1129110,CaseBased
259119,GeneticAlgorithms
364270,NeuralNetworks
6377,ReinforcementLearning
1152676,GeneticAlgorithms
213328,RuleLearning
239810,CaseBased
1107791,ProbabilisticMethods
20528,CaseBased
1026,GeneticAlgorithms
177998,GeneticAlgorithms
145315,RuleLearning
1110986,NeuralNetworks
1128291,GeneticAlgorithms
123556,NeuralNetworks
1119742,ProbabilisticMethods
702027,NeuralNetworks
1113942,GeneticAlgorithms
18582,GeneticAlgorithms
1154068,ProbabilisticMethods
39210,NeuralNetworks
205199,NeuralNetworks
1106717,ReinforcementLearning
1133469,ReinforcementLearning
1106406,ReinforcementLearning
72805,RuleLearning
1113934,CaseBased
1114512,RuleLearning
114966,NeuralNetworks
640617,GeneticAlgorithms
1107269,NeuralNetworks
1110950,CaseBased
694759,GeneticAlgorithms
67245,NeuralNetworks
1152203,ProbabilisticMethods
1116529,ReinforcementLearning
689611,RuleLearning
103531,CaseBased
1105960,NeuralNetworks
28487,ReinforcementLearning
117,ReinforcementLearning
85324,NeuralNetworks
463,CaseBased
11148,RuleLearning
38839,CaseBased
63835,CaseBased
735311,NeuralNetworks
1153160,Theory
1131305,ProbabilisticMethods
313125,NeuralNetworks
131317,NeuralNetworks
44514,NeuralNetworks
95198,CaseBased
35922,ProbabilisticMethods
701428,ProbabilisticMethods
62389,CaseBased
1129621,NeuralNetworks
1128932,CaseBased
1112577,CaseBased
84695,NeuralNetworks
85450,Theory
1131348,NeuralNetworks
469504,NeuralNetworks
1106764,RuleLearning
1152394,NeuralNetworks
31105,NeuralNetworks
74698,ProbabilisticMethods
1106469,Theory
1112075,NeuralNetworks
2697,NeuralNetworks
1114192,NeuralNetworks
5348,NeuralNetworks
1127881,ReinforcementLearning
1131312,ProbabilisticMethods
1133302,ProbabilisticMethods
424,RuleLearning
27243,Theory
1116336,ProbabilisticMethods
1118092,ReinforcementLearning
350373,Theory
824245,NeuralNetworks
1113271,Theory
66809,ReinforcementLearning
1128369,GeneticAlgorithms
24966,Theory
1119708,GeneticAlgorithms
1152982,RuleLearning
1121459,CaseBased
1153811,RuleLearning
5966,GeneticAlgorithms
1112319,Theory
949832,NeuralNetworks
646289,ProbabilisticMethods
643734,NeuralNetworks
1112071,ProbabilisticMethods
72406,ReinforcementLearning
87915,ProbabilisticMethods
447250,NeuralNetworks
605506,GeneticAlgorithms
189623,ProbabilisticMethods
49844,RuleLearning
1113926,NeuralNetworks
1115506,Theory
642831,ProbabilisticMethods
60712,CaseBased
23507,NeuralNetworks
1103265,GeneticAlgorithms
11093,ProbabilisticMethods
31489,ProbabilisticMethods
1152290,Theory
1133196,GeneticAlgorithms
77758,NeuralNetworks
294145,RuleLearning
18781,Theory
31083,Theory
136768,RuleLearning
1951,CaseBased
4649,RuleLearning
52835,RuleLearning
346243,Theory
1105599,CaseBased
133553,NeuralNetworks
1135746,Theory
37888,ProbabilisticMethods
8079,Theory
109705,CaseBased
8865,GeneticAlgorithms
1128975,GeneticAlgorithms
645897,ProbabilisticMethods
1118302,RuleLearning
18777,ProbabilisticMethods
94639,GeneticAlgorithms
27203,Theory
1120713,CaseBased
1153339,ReinforcementLearning
1153014,ProbabilisticMethods
416964,NeuralNetworks
593068,GeneticAlgorithms
1111169,NeuralNetworks
1139366,NeuralNetworks
1131754,GeneticAlgorithms
1123991,ProbabilisticMethods
1110532,GeneticAlgorithms
310653,ProbabilisticMethods
1105460,NeuralNetworks
1117348,NeuralNetworks
12247,Theory
649944,RuleLearning
568857,GeneticAlgorithms
13652,NeuralNetworks
219239,Theory
175909,CaseBased
755082,ProbabilisticMethods
1152307,CaseBased
118558,ReinforcementLearning
31097,CaseBased
1110494,NeuralNetworks
1104258,NeuralNetworks
1110826,NeuralNetworks
1128982,GeneticAlgorithms
1997,ProbabilisticMethods
321861,Theory
13269,ProbabilisticMethods
3240,Theory
87482,NeuralNetworks
250566,CaseBased
605727,GeneticAlgorithms
1117074,NeuralNetworks
1127810,NeuralNetworks
1128839,NeuralNetworks
1135454,ProbabilisticMethods
1131749,GeneticAlgorithms
182093,ReinforcementLearning
853118,NeuralNetworks
211875,NeuralNetworks
360356,Theory
345348,ProbabilisticMethods
118883,NeuralNetworks
1113534,NeuralNetworks
1117955,NeuralNetworks
38537,ProbabilisticMethods
5959,CaseBased
57932,NeuralNetworks
689642,RuleLearning
628009,CaseBased
1127863,RuleLearning
1117833,CaseBased
884094,ProbabilisticMethods
28491,ReinforcementLearning
88356,ProbabilisticMethods
300165,ReinforcementLearning
2696,NeuralNetworks
436796,NeuralNetworks
189577,ProbabilisticMethods
1125092,ReinforcementLearning
1154532,NeuralNetworks
24530,ReinforcementLearning
1106370,NeuralNetworks
1126503,CaseBased
1152545,RuleLearning
694422,ProbabilisticMethods
1113828,NeuralNetworks
385251,Theory
1119751,Theory
107177,Theory
39131,CaseBased
1152954,ReinforcementLearning
108729,CaseBased
1107558,ProbabilisticMethods
1153295,CaseBased
441996,ReinforcementLearning
239800,Theory
683507,NeuralNetworks
152483,GeneticAlgorithms
3223,Theory
1123689,ProbabilisticMethods
1153226,ProbabilisticMethods
27543,NeuralNetworks
1110465,CaseBased
815096,NeuralNetworks
117328,CaseBased
1119471,Theory
636098,Theory
42156,NeuralNetworks
1129672,NeuralNetworks
1131283,ProbabilisticMethods
1109610,CaseBased
105057,Theory
592993,GeneticAlgorithms
1104976,NeuralNetworks
75693,ReinforcementLearning
760514,NeuralNetworks
162075,NeuralNetworks
1108377,CaseBased
1154281,NeuralNetworks
1127430,GeneticAlgorithms
1106683,ProbabilisticMethods
1152436,CaseBased
1102364,ProbabilisticMethods
54132,GeneticAlgorithms
7537,NeuralNetworks
1117618,Theory
280876,ProbabilisticMethods
91514,RuleLearning
18774,ProbabilisticMethods
578365,NeuralNetworks
68495,Theory
1106854,NeuralNetworks
145384,ReinforcementLearning
1138619,RuleLearning
573535,Theory
509379,Theory
2698,NeuralNetworks
641956,NeuralNetworks
1133930,RuleLearning
1117920,ProbabilisticMethods
2663,NeuralNetworks
75318,NeuralNetworks
1107728,NeuralNetworks
395075,GeneticAlgorithms
1153886,NeuralNetworks
613409,ProbabilisticMethods
1152448,CaseBased
612306,RuleLearning
948147,NeuralNetworks
124064,ReinforcementLearning
28456,Theory
561613,ProbabilisticMethods
1105492,GeneticAlgorithms
1114334,NeuralNetworks
395725,NeuralNetworks
28471,ReinforcementLearning
50838,NeuralNetworks
1138027,CaseBased
1116747,CaseBased
594483,GeneticAlgorithms
1152259,ProbabilisticMethods
166429,NeuralNetworks
576795,GeneticAlgorithms
1127844,CaseBased
1104851,Theory
1140543,NeuralNetworks
894513,CaseBased
5064,CaseBased
168939,NeuralNetworks
293285,Theory
167670,ProbabilisticMethods
1128846,NeuralNetworks
530635,NeuralNetworks
1106880,RuleLearning
238401,Theory
228992,NeuralNetworks
33907,GeneticAlgorithms
1132443,NeuralNetworks
8696,Theory
180943,CaseBased
1112665,NeuralNetworks
1065253,GeneticAlgorithms
120817,NeuralNetworks
578645,GeneticAlgorithms
430574,NeuralNetworks
10796,CaseBased
1114239,GeneticAlgorithms
1123188,NeuralNetworks
1105894,NeuralNetworks
103543,ProbabilisticMethods
711917,NeuralNetworks
1118332,NeuralNetworks
1131742,NeuralNetworks
118559,ReinforcementLearning
31479,ProbabilisticMethods
1117942,ReinforcementLearning
116545,GeneticAlgorithms
1153150,RuleLearning
144701,GeneticAlgorithms
1123754,ProbabilisticMethods
1127128,NeuralNetworks
1153031,NeuralNetworks
348437,Theory
14531,CaseBased
40886,NeuralNetworks
1105394,ReinforcementLearning
1110546,GeneticAlgorithms
1107567,Theory
6344,CaseBased
15076,NeuralNetworks
1119216,ProbabilisticMethods
248823,ReinforcementLearning
86359,ReinforcementLearning
1111544,CaseBased
1127514,ProbabilisticMethods
81695,ReinforcementLearning
1153191,NeuralNetworks
35854,Theory
289779,GeneticAlgorithms
1108773,NeuralNetworks
675649,NeuralNetworks
1125387,Theory
654476,GeneticAlgorithms
1110390,CaseBased
135766,RuleLearning
253971,NeuralNetworks
1136444,NeuralNetworks
27230,RuleLearning
1137453,GeneticAlgorithms
1132073,NeuralNetworks
1113995,NeuralNetworks
714879,ProbabilisticMethods
235071,ReinforcementLearning
1152916,ReinforcementLearning
95594,ReinforcementLearning
1152308,CaseBased
1132881,NeuralNetworks
608306,GeneticAlgorithms
28964,ProbabilisticMethods
1110014,NeuralNetworks
3095,CaseBased
239829,CaseBased
1132072,NeuralNetworks
90219,CaseBased
243483,GeneticAlgorithms
8591,RuleLearning
198653,GeneticAlgorithms
1117219,NeuralNetworks
948846,NeuralNetworks
423441,ProbabilisticMethods
27197,Theory
687697,GeneticAlgorithms
1123798,NeuralNetworks
123825,NeuralNetworks
1131728,CaseBased
4584,ReinforcementLearning
1061127,RuleLearning
683445,ProbabilisticMethods
1154524,RuleLearning
1123857,ProbabilisticMethods
49895,RuleLearning
35883,ReinforcementLearning
1120020,ReinforcementLearning
1139337,NeuralNetworks
1153736,Theory
1127812,NeuralNetworks
642681,ProbabilisticMethods
70442,CaseBased
1153611,ProbabilisticMethods
1105578,NeuralNetworks
1152761,GeneticAlgorithms
593209,GeneticAlgorithms
32698,ProbabilisticMethods
1129369,GeneticAlgorithms
1110209,ProbabilisticMethods
200630,NeuralNetworks
1106917,ProbabilisticMethods
1153907,Theory
1109721,ProbabilisticMethods
1131706,CaseBased
1129572,NeuralNetworks
377303,GeneticAlgorithms
63832,GeneticAlgorithms
1136393,NeuralNetworks
175548,NeuralNetworks
1107799,CaseBased
1119038,GeneticAlgorithms
1153577,GeneticAlgorithms
135782,CaseBased
409725,RuleLearning
1115213,NeuralNetworks
189774,ProbabilisticMethods
1122580,Theory
1104769,ProbabilisticMethods
6210,ReinforcementLearning
59244,CaseBased
1131346,NeuralNetworks
591017,RuleLearning
413032,NeuralNetworks
684531,NeuralNetworks
3229,NeuralNetworks
1154042,NeuralNetworks
20924,ProbabilisticMethods
648112,NeuralNetworks
249858,Theory
145176,NeuralNetworks
1108728,RuleLearning
643627,NeuralNetworks
1000012,RuleLearning
118424,NeuralNetworks
1114502,GeneticAlgorithms
174425,Theory
1132461,NeuralNetworks
1122642,NeuralNetworks
1138755,NeuralNetworks
92589,ProbabilisticMethods
1153265,GeneticAlgorithms
714208,ProbabilisticMethods
1108329,CaseBased
30973,NeuralNetworks
107251,Theory
7297,NeuralNetworks
141868,CaseBased
1126637,GeneticAlgorithms
134219,GeneticAlgorithms
97390,GeneticAlgorithms
206371,GeneticAlgorithms
1105505,NeuralNetworks
179180,NeuralNetworks
1105077,Theory
1154071,ProbabilisticMethods
1103611,NeuralNetworks
1481,CaseBased
1108909,ProbabilisticMethods
459216,GeneticAlgorithms
151708,NeuralNetworks
1106555,NeuralNetworks
83449,CaseBased
131315,NeuralNetworks
123054,ProbabilisticMethods
135130,ReinforcementLearning
289780,GeneticAlgorithms
1152975,CaseBased
763009,NeuralNetworks
93273,Theory
1129610,GeneticAlgorithms
566653,CaseBased
65650,Theory
101811,Theory
906,NeuralNetworks
1154038,NeuralNetworks
2654,Theory
56167,CaseBased
1135285,NeuralNetworks
1131314,ProbabilisticMethods
593248,GeneticAlgorithms
1118347,NeuralNetworks
634902,GeneticAlgorithms
35042,CaseBased
1132931,NeuralNetworks
1152992,ProbabilisticMethods
325314,NeuralNetworks
1111733,NeuralNetworks
642593,NeuralNetworks
954504,Theory
178400,CaseBased
1956,CaseBased
11335,RuleLearning
1122460,NeuralNetworks
1131116,GeneticAlgorithms
578898,GeneticAlgorithms
1152285,CaseBased
40125,ProbabilisticMethods
1131274,ProbabilisticMethods
1128950,GeneticAlgorithms
5194,NeuralNetworks
1131634,NeuralNetworks
1104300,ProbabilisticMethods
59626,Theory
100961,NeuralNetworks
67584,ProbabilisticMethods
1102630,Theory
1120367,ReinforcementLearning
6939,RuleLearning
264896,Theory
1128976,GeneticAlgorithms
689211,NeuralNetworks
63549,NeuralNetworks
43639,NeuralNetworks
1131421,NeuralNetworks
310530,CaseBased
152731,NeuralNetworks
22431,RuleLearning
1102349,NeuralNetworks
20923,ProbabilisticMethods
1119078,Theory
1111960,Theory
1121739,ReinforcementLearning
1113831,GeneticAlgorithms
643003,ProbabilisticMethods
949511,NeuralNetworks
82090,GeneticAlgorithms
1128150,GeneticAlgorithms
1116656,Theory
1128537,Theory
1131752,GeneticAlgorithms
74920,ProbabilisticMethods
594505,GeneticAlgorithms
330208,NeuralNetworks
353541,NeuralNetworks
124296,NeuralNetworks
3084,CaseBased
95435,ReinforcementLearning
1113353,CaseBased
1106052,CaseBased
110041,GeneticAlgorithms
1113614,ReinforcementLearning
24974,NeuralNetworks
245288,ReinforcementLearning
1131167,ProbabilisticMethods
632796,ProbabilisticMethods
1120281,CaseBased
1120203,GeneticAlgorithms
6151,ReinforcementLearning
118079,ReinforcementLearning
1104243,NeuralNetworks
36150,NeuralNetworks
1128408,CaseBased
1136791,GeneticAlgorithms
671293,ProbabilisticMethods
573964,GeneticAlgorithms
20942,Theory
63182,NeuralNetworks
5600,CaseBased
178954,ReinforcementLearning
582500,GeneticAlgorithms
12155,Theory
573553,Theory
686532,NeuralNetworks
1153866,RuleLearning
233684,CaseBased
336200,NeuralNetworks
649731,NeuralNetworks
1131270,ProbabilisticMethods
384428,NeuralNetworks
28349,ReinforcementLearning
20857,RuleLearning
1154722,NeuralNetworks
137868,ProbabilisticMethods
59045,Theory
1103316,NeuralNetworks
248051,Theory
1118874,ProbabilisticMethods
285675,NeuralNetworks
686015,NeuralNetworks
1104854,Theory
1106550,ReinforcementLearning
1129057,GeneticAlgorithms
1153087,RuleLearning
1140535,NeuralNetworks
56708,ReinforcementLearning
647454,GeneticAlgorithms
67292,NeuralNetworks
1152904,NeuralNetworks
66782,RuleLearning
118873,NeuralNetworks
11342,Theory
27627,Theory
1139190,CaseBased
158172,ProbabilisticMethods
248425,GeneticAlgorithms
1130637,CaseBased
389715,Theory
1102512,CaseBased
7022,NeuralNetworks
255628,NeuralNetworks
1065175,ReinforcementLearning
663984,GeneticAlgorithms
1126350,Theory
574765,GeneticAlgorithms
567018,NeuralNetworks
1122498,CaseBased
1154373,ProbabilisticMethods
1122728,RuleLearning
373884,RuleLearning
194645,ReinforcementLearning
1103795,NeuralNetworks
69184,NeuralNetworks
1104999,GeneticAlgorithms
1114125,ReinforcementLearning
126868,CaseBased
1115166,CaseBased
93555,NeuralNetworks
1111609,NeuralNetworks
1113852,Theory
170798,CaseBased
1152968,ProbabilisticMethods
144330,Theory
396884,GeneticAlgorithms
236759,NeuralNetworks
93318,NeuralNetworks
1152791,NeuralNetworks
593942,GeneticAlgorithms
193931,NeuralNetworks
260121,NeuralNetworks
1152501,NeuralNetworks
63477,CaseBased
135765,RuleLearning
70441,CaseBased
559804,ProbabilisticMethods
1127399,Theory
9559,RuleLearning
1127566,ProbabilisticMethods
28640,Theory
594543,GeneticAlgorithms
1154459,GeneticAlgorithms
1153911,ReinforcementLearning
521183,CaseBased
1131649,NeuralNetworks
853050,NeuralNetworks
28489,ReinforcementLearning
397488,GeneticAlgorithms
1106789,ProbabilisticMethods
1135115,NeuralNetworks
173185,ReinforcementLearning
1115545,Theory
1134348,ProbabilisticMethods
575292,GeneticAlgorithms
277263,RuleLearning
1134205,NeuralNetworks
1116816,RuleLearning
531351,ProbabilisticMethods
1103021,ProbabilisticMethods
395547,NeuralNetworks
13966,ReinforcementLearning
444959,CaseBased
18833,ReinforcementLearning
1113237,RuleLearning
178209,RuleLearning
753070,Theory
61069,GeneticAlgorithms
35061,GeneticAlgorithms
31932,NeuralNetworks
340299,NeuralNetworks
1122630,ProbabilisticMethods
1114777,CaseBased
56648,NeuralNetworks
226050,NeuralNetworks
1120059,NeuralNetworks
1114336,CaseBased
14428,ProbabilisticMethods
686559,NeuralNetworks
262121,GeneticAlgorithms
1153648,ProbabilisticMethods
1121176,CaseBased
78555,NeuralNetworks
1134018,NeuralNetworks
1103603,NeuralNetworks
1131334,ProbabilisticMethods
1109526,ProbabilisticMethods
74975,CaseBased
689439,RuleLearning
54696,NeuralNetworks
1154750,GeneticAlgorithms
1153148,ProbabilisticMethods
65057,ProbabilisticMethods
688849,NeuralNetworks
118682,ProbabilisticMethods
1128227,GeneticAlgorithms
1152598,CaseBased
646286,ProbabilisticMethods
23546,RuleLearning
1113607,CaseBased
1119211,NeuralNetworks
626999,NeuralNetworks
1128437,Theory
948540,NeuralNetworks
1152341,GeneticAlgorithms
48766,GeneticAlgorithms
219446,NeuralNetworks
12210,Theory
28415,ReinforcementLearning
50980,CaseBased
94953,NeuralNetworks
646837,GeneticAlgorithms
66982,NeuralNetworks
1136339,GeneticAlgorithms
19621,NeuralNetworks
340075,NeuralNetworks
1132684,ReinforcementLearning
593260,GeneticAlgorithms
1103983,NeuralNetworks
35778,ProbabilisticMethods
1153441,ProbabilisticMethods
77438,ProbabilisticMethods
1114364,NeuralNetworks
263498,GeneticAlgorithms
57119,GeneticAlgorithms
28227,ReinforcementLearning
1048896,CaseBased
693821,NeuralNetworks
513189,GeneticAlgorithms
6941,RuleLearning
1153724,CaseBased
119686,NeuralNetworks
64488,ReinforcementLearning
307039,GeneticAlgorithms
71736,ProbabilisticMethods
1127528,NeuralNetworks
1102407,NeuralNetworks
809760,Theory
1130934,NeuralNetworks
467383,GeneticAlgorithms
541222,NeuralNetworks
29738,ProbabilisticMethods
1153170,NeuralNetworks
459214,GeneticAlgorithms
1106616,CaseBased
1130856,GeneticAlgorithms
1118823,Theory
1153052,CaseBased
709113,RuleLearning
235679,RuleLearning
115188,NeuralNetworks
1103499,ProbabilisticMethods
6334,CaseBased
51866,Theory
254923,GeneticAlgorithms
232606,RuleLearning
1112369,NeuralNetworks
1154204,RuleLearning
1110426,RuleLearning
1106188,CaseBased
1154037,NeuralNetworks
1130929,NeuralNetworks
1109789,ProbabilisticMethods
589869,ProbabilisticMethods
13205,ReinforcementLearning
633585,ProbabilisticMethods
1132954,NeuralNetworks
362006,NeuralNetworks
1106337,NeuralNetworks
12558,GeneticAlgorithms
1117653,NeuralNetworks
1128531,RuleLearning
1129835,RuleLearning
1128201,GeneticAlgorithms
139738,NeuralNetworks
78994,NeuralNetworks
28287,ReinforcementLearning
1103315,ReinforcementLearning
36803,ReinforcementLearning
1152150,NeuralNetworks
5062,CaseBased
683404,ProbabilisticMethods
1131564,NeuralNetworks
987188,NeuralNetworks
41732,ReinforcementLearning
141543,RuleLearning
1135894,NeuralNetworks
1112492,CaseBased
12199,Theory
1153106,NeuralNetworks
1132285,Theory
1128430,CaseBased
66976,ProbabilisticMethods
116081,RuleLearning
68224,NeuralNetworks
642847,ProbabilisticMethods
1120786,NeuralNetworks
1152663,ReinforcementLearning
601561,RuleLearning
1109667,Theory
1110998,NeuralNetworks
1130915,NeuralNetworks
696346,NeuralNetworks
88929,ProbabilisticMethods
1133366,ProbabilisticMethods
202639,NeuralNetworks
1118951,ReinforcementLearning
578780,GeneticAlgorithms
1152614,ProbabilisticMethods
77826,CaseBased
284023,NeuralNetworks
14529,CaseBased
1112686,ProbabilisticMethods
1153352,ReinforcementLearning
1109199,GeneticAlgorithms
1136342,GeneticAlgorithms
1131189,ProbabilisticMethods
1132948,NeuralNetworks
72101,NeuralNetworks
1153879,CaseBased
1110028,Theory
1123176,NeuralNetworks
1153047,Theory
1113524,NeuralNetworks
1105382,ReinforcementLearning
1128453,GeneticAlgorithms
375825,ProbabilisticMethods
1131360,GeneticAlgorithms
1154520,NeuralNetworks
14545,NeuralNetworks
1112106,NeuralNetworks
1124406,GeneticAlgorithms
649730,NeuralNetworks
1717,ProbabilisticMethods
1127550,NeuralNetworks
1114629,ReinforcementLearning
249421,NeuralNetworks
503893,GeneticAlgorithms
20193,CaseBased
684972,ProbabilisticMethods
1102933,Theory
66556,GeneticAlgorithms
101662,Theory
213246,NeuralNetworks
66563,GeneticAlgorithms
1130694,GeneticAlgorithms
1129106,CaseBased
1105116,ProbabilisticMethods
1128985,GeneticAlgorithms
236031,Theory
19795,NeuralNetworks
1135901,NeuralNetworks
9581,ProbabilisticMethods
168410,ReinforcementLearning
579181,GeneticAlgorithms
1104946,Theory
289945,NeuralNetworks
5075,CaseBased
1152483,CaseBased
578306,NeuralNetworks
1139668,NeuralNetworks
1140547,NeuralNetworks
1129208,Theory
1153941,NeuralNetworks
133567,NeuralNetworks
1119004,NeuralNetworks
1120962,NeuralNetworks
27514,NeuralNetworks
645452,ProbabilisticMethods
631052,NeuralNetworks
653628,RuleLearning
646334,ProbabilisticMethods
118874,NeuralNetworks
166418,Theory
28641,Theory
231249,GeneticAlgorithms
20920,ProbabilisticMethods
85352,GeneticAlgorithms
1103394,CaseBased
2653,Theory
1118209,Theory
164885,GeneticAlgorithms
1102440,CaseBased
1139704,NeuralNetworks
1365,NeuralNetworks
1108656,CaseBased
1125127,ProbabilisticMethods
23502,NeuralNetworks
1154242,NeuralNetworks
1111498,RuleLearning
227286,NeuralNetworks
645088,ProbabilisticMethods
74862,ReinforcementLearning
670921,Theory
531348,ProbabilisticMethods
1108451,NeuralNetworks
23448,NeuralNetworks
1132878,NeuralNetworks
1111758,NeuralNetworks
1110148,NeuralNetworks
20972,ReinforcementLearning
1113466,Theory
13654,NeuralNetworks
1113550,ReinforcementLearning
1110579,CaseBased
561595,ProbabilisticMethods
237376,Theory
1136442,NeuralNetworks
64484,ReinforcementLearning
582343,Theory
11326,Theory
160732,RuleLearning
98383,ReinforcementLearning
648106,NeuralNetworks
18251,CaseBased
68505,Theory
593201,GeneticAlgorithms
579642,NeuralNetworks
190698,NeuralNetworks
1117966,NeuralNetworks
1152822,CaseBased
32872,ReinforcementLearning
1129624,GeneticAlgorithms
1135957,NeuralNetworks
1127533,ProbabilisticMethods
1153694,GeneticAlgorithms
357791,NeuralNetworks
159085,NeuralNetworks
1105928,ReinforcementLearning
180187,RuleLearning
1125082,GeneticAlgorithms
6741,Theory
22875,CaseBased
1125993,CaseBased
137380,RuleLearning
1110332,NeuralNetworks
1116718,CaseBased
19865,GeneticAlgorithms
1153786,ProbabilisticMethods
25201,NeuralNetworks
1153923,CaseBased
1120932,GeneticAlgorithms
1103016,NeuralNetworks
523389,ProbabilisticMethods
3327,ReinforcementLearning
95225,Theory
1107215,CaseBased
95422,ReinforcementLearning
1102452,Theory
590004,ProbabilisticMethods
91853,CaseBased
1129051,GeneticAlgorithms
142268,ProbabilisticMethods
307015,GeneticAlgorithms
1127867,RuleLearning
1109891,NeuralNetworks
1117249,Theory
1118658,Theory
232605,RuleLearning
1127551,ProbabilisticMethods
1152253,RuleLearning
129897,ProbabilisticMethods
1110438,NeuralNetworks
1128542,NeuralNetworks
1136634,Theory
28212,Theory
1135455,NeuralNetworks
486840,GeneticAlgorithms
215912,NeuralNetworks
1125992,CaseBased
1118612,NeuralNetworks
1109957,ReinforcementLearning
1126029,ReinforcementLearning
1134057,NeuralNetworks
230879,NeuralNetworks
6238,Theory
561611,ProbabilisticMethods
1131121,GeneticAlgorithms
26930,ReinforcementLearning
1114118,NeuralNetworks
1119278,NeuralNetworks
1955,CaseBased
1126791,Theory
1152959,NeuralNetworks
36131,ProbabilisticMethods
1126380,Theory
1154311,NeuralNetworks
58554,NeuralNetworks
1109830,NeuralNetworks
27246,NeuralNetworks
200480,CaseBased
39890,ProbabilisticMethods
1133390,Theory
95188,CaseBased
15892,CaseBased
1125467,ProbabilisticMethods
1154372,ProbabilisticMethods
1130594,NeuralNetworks
12631,NeuralNetworks
1152910,ReinforcementLearning
1071981,ReinforcementLearning
1103416,CaseBased
46452,RuleLearning
194223,ProbabilisticMethods
430329,NeuralNetworks
1109873,NeuralNetworks
642798,ProbabilisticMethods
126128,NeuralNetworks
593560,GeneticAlgorithms
214390,NeuralNetworks
79130,CaseBased
65653,Theory
75695,NeuralNetworks
1111126,ProbabilisticMethods
1154200,RuleLearning
1129778,GeneticAlgorithms
628888,NeuralNetworks
1130600,ReinforcementLearning
1132883,NeuralNetworks
103528,CaseBased
108962,ProbabilisticMethods
1153180,CaseBased
1106236,CaseBased
1125983,NeuralNetworks
1152184,NeuralNetworks
10174,Theory
1128946,GeneticAlgorithms
20526,ReinforcementLearning
1108050,NeuralNetworks
17201,ReinforcementLearning
628583,ReinforcementLearning
129045,CaseBased
593155,GeneticAlgorithms
1154359,NeuralNetworks
1130678,NeuralNetworks
358866,ProbabilisticMethods
1106388,RuleLearning
644843,ProbabilisticMethods
1131298,ProbabilisticMethods
46527,ProbabilisticMethods
1107137,CaseBased
1128285,NeuralNetworks
255233,CaseBased
1136630,Theory
1133038,NeuralNetworks
95597,ReinforcementLearning
166989,Theory
273170,GeneticAlgorithms
1110202,CaseBased
37893,NeuralNetworks
1115677,NeuralNetworks
78554,NeuralNetworks
693845,ProbabilisticMethods
1132408,ProbabilisticMethods
1135269,GeneticAlgorithms
23069,ProbabilisticMethods
148399,Theory
263069,GeneticAlgorithms
6343,CaseBased
81714,CaseBased
77515,Theory
207414,CaseBased
57764,Theory
1129785,GeneticAlgorithms
1140532,NeuralNetworks
1125597,GeneticAlgorithms
133566,NeuralNetworks
1133400,NeuralNetworks
1131233,NeuralNetworks
1153859,CaseBased
1153861,NeuralNetworks
1104418,GeneticAlgorithms
6214,ReinforcementLearning
429781,Theory
8821,CaseBased
192870,NeuralNetworks
405420,RuleLearning
1154322,NeuralNetworks
4329,ProbabilisticMethods
1121537,Theory
1134360,RuleLearning
75972,RuleLearning
286562,NeuralNetworks
1135122,NeuralNetworks
217852,RuleLearning
1138194,CaseBased
578845,GeneticAlgorithms
604073,NeuralNetworks
74937,NeuralNetworks
1111254,GeneticAlgorithms
3217,Theory
17488,ReinforcementLearning
1111512,Theory
1132895,ProbabilisticMethods
521269,CaseBased
1108051,CaseBased
248395,NeuralNetworks
574009,GeneticAlgorithms
1153864,GeneticAlgorithms
114308,ReinforcementLearning
1031453,NeuralNetworks
1130927,NeuralNetworks
28350,ReinforcementLearning
7276,NeuralNetworks
48066,Theory
1121569,NeuralNetworks
6784,NeuralNetworks
1152143,Theory
111377,ReinforcementLearning
195792,GeneticAlgorithms
149669,ProbabilisticMethods
1139195,CaseBased
62718,CaseBased
645870,ProbabilisticMethods
1129442,NeuralNetworks
561238,GeneticAlgorithms
86515,CaseBased
31043,NeuralNetworks
752684,NeuralNetworks
646412,ProbabilisticMethods
733534,NeuralNetworks
1154461,GeneticAlgorithms
1108258,CaseBased
5869,NeuralNetworks
39474,GeneticAlgorithms
143801,NeuralNetworks
77527,Theory
1152588,NeuralNetworks
1108871,Theory
643644,ProbabilisticMethods
57922,Theory
521207,CaseBased
1135750,NeuralNetworks
416455,GeneticAlgorithms
95587,ReinforcementLearning
1106552,NeuralNetworks
575402,GeneticAlgorithms
1131738,NeuralNetworks
1103213,NeuralNetworks
103537,ProbabilisticMethods
423463,ProbabilisticMethods
1102751,Theory
753264,Theory
49482,NeuralNetworks
1130430,GeneticAlgorithms
1131550,GeneticAlgorithms
15889,CaseBased
27531,NeuralNetworks
1131420,NeuralNetworks
1131169,NeuralNetworks
734406,NeuralNetworks
202520,ProbabilisticMethods
300201,ReinforcementLearning
318187,RuleLearning
112099,CaseBased
39130,CaseBased
27199,Theory
1138409,NeuralNetworks
1108167,Theory
1153263,ReinforcementLearning
263482,RuleLearning
1131301,ProbabilisticMethods
6771,Theory
93320,ReinforcementLearning
1120880,NeuralNetworks
27952,Theory
1117399,NeuralNetworks
39904,NeuralNetworks
1132652,GeneticAlgorithms
1125895,ReinforcementLearning
1125492,GeneticAlgorithms
1128859,RuleLearning
126793,ProbabilisticMethods
114280,CaseBased
1132922,NeuralNetworks
13193,ReinforcementLearning
18536,NeuralNetworks
109323,ProbabilisticMethods
264863,NeuralNetworks
82666,CaseBased
509233,Theory
23116,Theory
6767,CaseBased
1107073,ReinforcementLearning
91038,ProbabilisticMethods
592996,GeneticAlgorithms
608191,GeneticAlgorithms
1121512,ReinforcementLearning
1119358,NeuralNetworks
69360,RuleLearning
1152691,Theory
1111413,Theory
18532,NeuralNetworks
101261,Theory
1154076,GeneticAlgorithms
70281,NeuralNetworks
684476,NeuralNetworks
1124348,NeuralNetworks
13195,ReinforcementLearning
9515,Theory
1131343,NeuralNetworks
1109185,NeuralNetworks
1103162,ReinforcementLearning
1152491,Theory
1136309,ProbabilisticMethods
1152890,ProbabilisticMethods
1128151,GeneticAlgorithms
1130529,CaseBased
421481,ProbabilisticMethods
1104476,NeuralNetworks
1126745,CaseBased
65212,NeuralNetworks
110164,CaseBased
1154289,NeuralNetworks
1122253,NeuralNetworks
1102730,ReinforcementLearning
1141176,ProbabilisticMethods
1131412,NeuralNetworks
1103737,Theory
1115456,NeuralNetworks
1154299,NeuralNetworks
61312,GeneticAlgorithms
1135108,ProbabilisticMethods
23738,Theory
567005,NeuralNetworks
73323,CaseBased
522338,ProbabilisticMethods
444063,CaseBased
1154229,ProbabilisticMethods
1111230,ReinforcementLearning
73146,ProbabilisticMethods
1152261,GeneticAlgorithms
84797,ReinforcementLearning
654177,CaseBased
68115,CaseBased
1129042,GeneticAlgorithms
13960,ReinforcementLearning
1131187,ProbabilisticMethods
645046,ProbabilisticMethods
1121142,NeuralNetworks
177115,CaseBased
1134865,GeneticAlgorithms
1112091,CaseBased
853150,NeuralNetworks
15719,Theory
1107312,ReinforcementLearning
1115507,NeuralNetworks
595235,GeneticAlgorithms
12638,NeuralNetworks
1154173,ProbabilisticMethods
1114197,Theory
133563,NeuralNetworks
59715,GeneticAlgorithms
503871,GeneticAlgorithms
597425,ProbabilisticMethods
85452,Theory
1112417,ProbabilisticMethods
55403,RuleLearning
45188,Theory
65087,ProbabilisticMethods
1131611,Theory
385067,CaseBased
1126050,ReinforcementLearning
1107690,NeuralNetworks
23545,Theory
1102794,RuleLearning
93367,Theory
1131199,GeneticAlgorithms
1125668,GeneticAlgorithms
20602,Theory
1128915,CaseBased
20592,NeuralNetworks
594119,GeneticAlgorithms
18313,ReinforcementLearning
1107656,NeuralNetworks
112181,NeuralNetworks
360378,NeuralNetworks
141342,GeneticAlgorithms
739280,NeuralNetworks
854434,NeuralNetworks
1108204,ReinforcementLearning
454062,ReinforcementLearning
4637,Theory
1105544,NeuralNetworks
294239,NeuralNetworks
95579,ReinforcementLearning
23774,ReinforcementLearning
1153201,ProbabilisticMethods
1127558,ProbabilisticMethods
1153149,NeuralNetworks
1119131,GeneticAlgorithms
1153515,ProbabilisticMethods
1137140,NeuralNetworks
1133398,NeuralNetworks
1136671,Theory
1131201,GeneticAlgorithms
1140289,NeuralNetworks
1154260,NeuralNetworks
1120777,NeuralNetworks
616336,RuleLearning
267156,Theory
387795,GeneticAlgorithms
1118947,GeneticAlgorithms
1958,CaseBased
1118017,NeuralNetworks
1111784,NeuralNetworks
28387,ReinforcementLearning
46431,NeuralNetworks
1109054,Theory
61073,GeneticAlgorithms
1154232,ProbabilisticMethods
1105802,ProbabilisticMethods
82920,GeneticAlgorithms
25772,NeuralNetworks
380341,NeuralNetworks
72908,RuleLearning
189861,ProbabilisticMethods
986281,NeuralNetworks
892139,ReinforcementLearning
1109793,ReinforcementLearning
1139512,Theory
27606,Theory
578646,GeneticAlgorithms
1125941,NeuralNetworks
1123926,Theory
376704,CaseBased
102939,NeuralNetworks
270456,NeuralNetworks
242663,ProbabilisticMethods
1136449,NeuralNetworks
1109213,CaseBased
8703,RuleLearning
16461,NeuralNetworks
7419,ReinforcementLearning
1136110,NeuralNetworks
1104155,ProbabilisticMethods
1154079,NeuralNetworks
1125115,CaseBased
96847,GeneticAlgorithms
1152273,CaseBased
210872,GeneticAlgorithms
662468,NeuralNetworks
1152416,ReinforcementLearning
1107062,GeneticAlgorithms
594039,GeneticAlgorithms
714947,ProbabilisticMethods
1139362,NeuralNetworks
1131379,GeneticAlgorithms
1127236,ProbabilisticMethods
270085,GeneticAlgorithms
1118764,Theory
382792,RuleLearning
334525,NeuralNetworks
1154072,ProbabilisticMethods
31353,NeuralNetworks
1103172,CaseBased
1133417,ProbabilisticMethods
17363,NeuralNetworks
31495,NeuralNetworks
617378,NeuralNetworks
1120456,NeuralNetworks
1108663,Theory
1122819,NeuralNetworks
99030,NeuralNetworks
134060,Theory
372554,Theory
1152194,NeuralNetworks
18812,ProbabilisticMethods
1153922,NeuralNetworks
3101,CaseBased
574264,GeneticAlgorithms
1152858,ProbabilisticMethods
354004,ProbabilisticMethods
1104293,ProbabilisticMethods
1130354,Theory
1106287,NeuralNetworks
100197,NeuralNetworks
1111839,ProbabilisticMethods
81690,ReinforcementLearning
711838,NeuralNetworks
156977,NeuralNetworks
189566,ProbabilisticMethods
1106604,Theory
1129409,NeuralNetworks
1139928,Theory
1106103,CaseBased
1109439,NeuralNetworks
829685,NeuralNetworks
3218,RuleLearning
1152379,Theory
1104689,NeuralNetworks
1106671,NeuralNetworks
178727,GeneticAlgorithms
594885,GeneticAlgorithms
1117555,NeuralNetworks
643199,GeneticAlgorithms
628751,NeuralNetworks
95719,ProbabilisticMethods
293978,ProbabilisticMethods
1114919,NeuralNetworks
97645,GeneticAlgorithms
208345,CaseBased
181782,ReinforcementLearning
1067,NeuralNetworks
593329,GeneticAlgorithms
1122053,Theory
1110531,CaseBased
229635,GeneticAlgorithms
28542,ReinforcementLearning
1107041,CaseBased
1128856,RuleLearning
1129494,NeuralNetworks
390716,RuleLearning
645356,ProbabilisticMethods
1107136,GeneticAlgorithms
684372,NeuralNetworks
400473,NeuralNetworks
1137136,NeuralNetworks
1112660,CaseBased
671269,NeuralNetworks
59771,NeuralNetworks
1120197,NeuralNetworks
1131828,CaseBased
1130557,ReinforcementLearning
1119451,ProbabilisticMethods
212777,RuleLearning
1129014,GeneticAlgorithms
577331,GeneticAlgorithms
128383,CaseBased
429664,NeuralNetworks
1108175,NeuralNetworks
1127855,RuleLearning
1128219,GeneticAlgorithms
101263,Theory
1105810,CaseBased
1113398,CaseBased
288035,RuleLearning
1116842,Theory
143476,ProbabilisticMethods
1153931,GeneticAlgorithms
1108596,ProbabilisticMethods
136665,ReinforcementLearning
6125,Theory
1135589,NeuralNetworks
1106401,Theory
1110968,ProbabilisticMethods
1133004,NeuralNetworks
70520,ReinforcementLearning
41714,GeneticAlgorithms
1132809,RuleLearning
390894,ProbabilisticMethods
1103038,CaseBased
1953,CaseBased
1133254,ProbabilisticMethods
1107595,ProbabilisticMethods
1123530,GeneticAlgorithms
1107701,GeneticAlgorithms
652271,GeneticAlgorithms
606647,GeneticAlgorithms
631015,NeuralNetworks
628458,NeuralNetworks
1105062,ReinforcementLearning
189620,ProbabilisticMethods
1152188,GeneticAlgorithms
135464,NeuralNetworks
1114778,NeuralNetworks
47839,ReinforcementLearning
643239,ProbabilisticMethods
103430,NeuralNetworks
1134324,ProbabilisticMethods
1111100,CaseBased
121792,NeuralNetworks
131599,NeuralNetworks
1153900,GeneticAlgorithms
1114120,ProbabilisticMethods
1138091,CaseBased
446271,ProbabilisticMethods
28649,Theory
6155,ReinforcementLearning
409255,NeuralNetworks
1106418,Theory
1116121,CaseBased
7272,NeuralNetworks
1131719,RuleLearning
81722,CaseBased
1108566,NeuralNetworks
1103383,GeneticAlgorithms
69397,Theory
1131227,ProbabilisticMethods
40151,Theory
333918,NeuralNetworks
1115333,ProbabilisticMethods
1140231,NeuralNetworks
1105344,NeuralNetworks
550880,CaseBased
1154500,CaseBased
1132486,NeuralNetworks
230884,NeuralNetworks
1129608,NeuralNetworks
169886,Theory
12182,Theory
1132919,Theory
74867,Theory
1121707,NeuralNetworks
621555,NeuralNetworks
763010,NeuralNetworks
2396,NeuralNetworks
8617,NeuralNetworks
250221,ProbabilisticMethods
75694,ReinforcementLearning
127940,NeuralNetworks
1123379,NeuralNetworks
16474,NeuralNetworks
561809,ProbabilisticMethods
1154241,RuleLearning
195150,RuleLearning
132821,Theory
990075,CaseBased
1103331,Theory
646357,ProbabilisticMethods
10183,CaseBased
6215,ReinforcementLearning
107449,GeneticAlgorithms
1104447,GeneticAlgorithms
101145,CaseBased
1152772,CaseBased
1128533,CaseBased
1154098,Theory
1139785,GeneticAlgorithms
1109697,GeneticAlgorithms
94416,RuleLearning
1126935,Theory
331790,NeuralNetworks
1121939,CaseBased
75983,NeuralNetworks
350361,NeuralNetworks
1109062,NeuralNetworks
1119020,ProbabilisticMethods
1128319,GeneticAlgorithms
1135438,NeuralNetworks
1131225,ProbabilisticMethods
101143,CaseBased
739816,NeuralNetworks
1108081,ProbabilisticMethods
246618,GeneticAlgorithms
3085,CaseBased
211906,Theory
1131413,NeuralNetworks
84020,ProbabilisticMethods
307336,NeuralNetworks
308529,ReinforcementLearning
1153801,CaseBased
1107861,Theory
683355,ProbabilisticMethods
219116,NeuralNetworks
1130429,GeneticAlgorithms
118260,ReinforcementLearning
593859,GeneticAlgorithms
686077,ReinforcementLearning
964248,ProbabilisticMethods
1104571,NeuralNetworks
31863,ProbabilisticMethods
74749,Theory
1105917,GeneticAlgorithms
1114851,RuleLearning
28475,ReinforcementLearning
1130680,NeuralNetworks
824186,NeuralNetworks
949229,NeuralNetworks
46501,Theory
1116328,NeuralNetworks
1121622,NeuralNetworks
53164,NeuralNetworks
108351,CaseBased
1107002,Theory
1116002,CaseBased
1111502,ReinforcementLearning
239924,CaseBased
630817,NeuralNetworks
31769,NeuralNetworks
390693,NeuralNetworks
6913,ProbabilisticMethods
267217,ReinforcementLearning
654339,GeneticAlgorithms
628815,ReinforcementLearning
1126315,NeuralNetworks
1128978,GeneticAlgorithms
46887,NeuralNetworks
1152142,NeuralNetworks
46536,NeuralNetworks
248888,ReinforcementLearning
650937,GeneticAlgorithms
1128927,RuleLearning
1125386,Theory
1132877,NeuralNetworks
1107171,CaseBased
1128535,Theory
574396,GeneticAlgorithms
142898,CaseBased
110171,CaseBased
1109804,ProbabilisticMethods
1110563,NeuralNetworks
1121669,ProbabilisticMethods
1153885,RuleLearning
1111982,ReinforcementLearning
1152358,GeneticAlgorithms
1119406,RuleLearning
1124844,NeuralNetworks
1153703,CaseBased
1117184,CaseBased
648121,NeuralNetworks
72107,NeuralNetworks
265203,GeneticAlgorithms
1127877,ProbabilisticMethods
58268,RuleLearning
49842,RuleLearning
1111443,ProbabilisticMethods
598283,ProbabilisticMethods
6818,ProbabilisticMethods
1104749,GeneticAlgorithms
1138443,ProbabilisticMethods
689684,NeuralNetworks
65894,NeuralNetworks
1116851,Theory
582511,Theory
1154074,NeuralNetworks
11339,Theory
1128997,GeneticAlgorithms
1153246,Theory
694386,Theory
136767,Theory
31056,CaseBased
18615,RuleLearning
684373,NeuralNetworks
561581,ProbabilisticMethods
422139,NeuralNetworks
1110734,CaseBased
1108163,ProbabilisticMethods
182094,GeneticAlgorithms
1123834,GeneticAlgorithms
608326,GeneticAlgorithms
238818,NeuralNetworks
1133028,Theory
263486,RuleLearning
102879,Theory
1122077,NeuralNetworks
27174,NeuralNetworks
124224,NeuralNetworks
1140045,NeuralNetworks
1130679,NeuralNetworks
1120138,NeuralNetworks
259701,GeneticAlgorithms
1107418,GeneticAlgorithms
66990,NeuralNetworks
1109677,NeuralNetworks
178718,GeneticAlgorithms
85449,NeuralNetworks
1122265,RuleLearning
1135082,NeuralNetworks
1119623,ProbabilisticMethods
646813,GeneticAlgorithms
1136814,GeneticAlgorithms
206259,ReinforcementLearning
1108924,NeuralNetworks
35343,NeuralNetworks
22835,NeuralNetworks
1108551,Theory
1152566,NeuralNetworks
1126099,ProbabilisticMethods
1112192,RuleLearning
1116594,NeuralNetworks
1109076,ReinforcementLearning
314459,NeuralNetworks
423566,NeuralNetworks
1125918,Theory
111866,Theory
110162,CaseBased
593051,GeneticAlgorithms
1105221,GeneticAlgorithms
1113824,NeuralNetworks
753265,NeuralNetworks
698010,ProbabilisticMethods
43186,NeuralNetworks
128004,GeneticAlgorithms
385142,ProbabilisticMethods
1154057,ProbabilisticMethods
1152673,NeuralNetworks
34315,NeuralNetworks
1130351,ReinforcementLearning
38771,NeuralNetworks
593104,GeneticAlgorithms
1139019,CaseBased
1118640,NeuralNetworks
702037,NeuralNetworks
47683,CaseBased
166420,Theory
217984,NeuralNetworks
218682,CaseBased
1127065,CaseBased
1129027,GeneticAlgorithms
1128284,NeuralNetworks
1127539,ProbabilisticMethods
1115670,RuleLearning
89335,CaseBased
74427,NeuralNetworks
1152711,NeuralNetworks
959914,NeuralNetworks
1129994,ProbabilisticMethods
91852,CaseBased
1119992,NeuralNetworks
133628,Theory
1112567,NeuralNetworks
205612,CaseBased
1139009,NeuralNetworks
1111641,CaseBased
140005,Theory
1125058,RuleLearning
632935,ProbabilisticMethods
1129683,GeneticAlgorithms
1105231,GeneticAlgorithms
189655,ProbabilisticMethods
20180,CaseBased
1135154,NeuralNetworks
25413,RuleLearning
1130567,ReinforcementLearning
1132706,CaseBased
157257,RuleLearning
38829,CaseBased
89416,ProbabilisticMethods
1113618,ProbabilisticMethods
73712,NeuralNetworks
644494,ProbabilisticMethods
1140230,NeuralNetworks
610529,NeuralNetworks
817774,NeuralNetworks
35070,CaseBased
950986,NeuralNetworks
13917,ReinforcementLearning
1129040,GeneticAlgorithms
1123353,Theory
696113,ProbabilisticMethods
1116922,RuleLearning
5462,NeuralNetworks
1122739,NeuralNetworks
264347,Theory
67246,NeuralNetworks
605454,GeneticAlgorithms
141171,NeuralNetworks
1110515,GeneticAlgorithms
1139995,NeuralNetworks
801170,GeneticAlgorithms
6923,RuleLearning
56112,GeneticAlgorithms
1108753,ProbabilisticMethods
1128923,CaseBased
110163,CaseBased
55770,CaseBased
1111799,NeuralNetworks
1131089,RuleLearning
256106,NeuralNetworks
1152887,CaseBased
1120963,Theory
6917,RuleLearning
350319,NeuralNetworks
32260,Theory
1128853,RuleLearning
1102625,CaseBased
1108946,ReinforcementLearning
643597,ProbabilisticMethods
646195,ProbabilisticMethods
1123068,ProbabilisticMethods
1152159,ProbabilisticMethods
192231,NeuralNetworks
358894,Theory
643695,ProbabilisticMethods
1115291,ProbabilisticMethods
217139,CaseBased
30817,NeuralNetworks
27068,GeneticAlgorithms
1131647,NeuralNetworks
950305,NeuralNetworks
368431,Theory
1154063,NeuralNetworks
126920,ProbabilisticMethods
11337,Theory
93279,Theory
644334,ProbabilisticMethods
1130676,NeuralNetworks
1109983,CaseBased
1153845,GeneticAlgorithms
654326,GeneticAlgorithms
395553,NeuralNetworks
1129102,CaseBased
1105622,NeuralNetworks
20833,CaseBased
1105548,NeuralNetworks
1106985,NeuralNetworks
155158,RuleLearning
1131414,NeuralNetworks
137359,RuleLearning
1117020,GeneticAlgorithms
583407,ProbabilisticMethods
40131,NeuralNetworks
1139701,ReinforcementLearning
6935,RuleLearning
434132,ProbabilisticMethods
506,ProbabilisticMethods
633030,ProbabilisticMethods
3191,ProbabilisticMethods
28389,ReinforcementLearning
1112860,NeuralNetworks
160705,NeuralNetworks
152219,NeuralNetworks
1112661,ProbabilisticMethods
1132454,NeuralNetworks
131122,NeuralNetworks
3231,Theory
38284,NeuralNetworks
543263,GeneticAlgorithms
12347,NeuralNetworks
232860,NeuralNetworks
69296,GeneticAlgorithms
1108267,CaseBased
1119140,NeuralNetworks
50381,Theory
1109392,NeuralNetworks
1153889,CaseBased
167205,RuleLearning
173884,ProbabilisticMethods
16819,ProbabilisticMethods
951421,NeuralNetworks
335042,NeuralNetworks
118259,ReinforcementLearning
1131639,NeuralNetworks
1132418,NeuralNetworks
33013,ReinforcementLearning
1127619,RuleLearning
647344,GeneticAlgorithms
12350,Theory
1108108,RuleLearning
662416,ProbabilisticMethods
216878,Theory
1113047,NeuralNetworks
47684,CaseBased
1108862,Theory
593022,GeneticAlgorithms
38480,ReinforcementLearning
6209,ReinforcementLearning
218410,ReinforcementLearning
1117027,CaseBased
1107295,NeuralNetworks
1128314,GeneticAlgorithms
6814,ProbabilisticMethods
51899,NeuralNetworks
14090,ProbabilisticMethods
289088,NeuralNetworks
1120571,CaseBased
74921,ProbabilisticMethods
109523,GeneticAlgorithms
1153277,NeuralNetworks
1105530,NeuralNetworks
1116947,NeuralNetworks
1116399,NeuralNetworks
6378,ReinforcementLearning
395540,ProbabilisticMethods
1118232,ProbabilisticMethods
55968,ReinforcementLearning
1113438,GeneticAlgorithms
49811,Theory
1137466,GeneticAlgorithms
1107547,Theory
1104186,ProbabilisticMethods
1246,ReinforcementLearning
3237,ProbabilisticMethods
1108166,GeneticAlgorithms
1124195,NeuralNetworks
1131151,NeuralNetworks
1153860,GeneticAlgorithms
60170,NeuralNetworks
1130846,GeneticAlgorithms
178011,GeneticAlgorithms
1136395,NeuralNetworks
219218,ProbabilisticMethods
1154735,NeuralNetworks
1130568,NeuralNetworks
1105887,RuleLearning
67633,CaseBased
111676,CaseBased
682815,GeneticAlgorithms
75684,NeuralNetworks
1128198,GeneticAlgorithms
1154612,NeuralNetworks
644363,ProbabilisticMethods
1109017,GeneticAlgorithms
390896,ProbabilisticMethods
1121702,GeneticAlgorithms
1138896,RuleLearning
1123681,NeuralNetworks
582461,Theory
1105593,NeuralNetworks
1103610,Theory
408568,Theory
1130069,NeuralNetworks
28267,CaseBased
28473,ReinforcementLearning
1116023,CaseBased
45537,NeuralNetworks
747714,Theory
1113078,Theory
1122944,NeuralNetworks
54131,GeneticAlgorithms
1119654,CaseBased
69284,GeneticAlgorithms
126909,ProbabilisticMethods
1155073,RuleLearning
288107,Theory
118436,NeuralNetworks
444240,GeneticAlgorithms
1152819,NeuralNetworks
601567,RuleLearning
1106112,ReinforcementLearning
907578,Theory
1133428,NeuralNetworks
7430,ReinforcementLearning
408885,ProbabilisticMethods
1129109,CaseBased
307109,CaseBased
1108209,GeneticAlgorithms
1103425,ProbabilisticMethods
627024,NeuralNetworks
1104569,RuleLearning
119956,NeuralNetworks
368605,NeuralNetworks
1114398,NeuralNetworks
25807,Theory
251756,GeneticAlgorithms
325497,ReinforcementLearning
33895,GeneticAlgorithms
1135169,NeuralNetworks
1128223,GeneticAlgorithms
645016,ProbabilisticMethods
628766,NeuralNetworks
1153728,CaseBased
1110520,NeuralNetworks
683146,NeuralNetworks
1131743,GeneticAlgorithms
521855,ProbabilisticMethods
195361,ReinforcementLearning
12337,NeuralNetworks
92065,NeuralNetworks
396412,NeuralNetworks
1049855,Theory
1135317,NeuralNetworks
1128476,GeneticAlgorithms
1102400,Theory
1104043,ReinforcementLearning
1128943,GeneticAlgorithms
1131198,GeneticAlgorithms
416867,Theory
233106,NeuralNetworks
1154293,NeuralNetworks
1153287,ReinforcementLearning
1105542,ReinforcementLearning
66594,Theory
96399,NeuralNetworks
30895,Theory
59798,NeuralNetworks
151430,RuleLearning
190697,GeneticAlgorithms
6311,Theory
1118546,ProbabilisticMethods
1111156,ReinforcementLearning
1108231,ProbabilisticMethods
81350,ReinforcementLearning
753700,NeuralNetworks
1022969,CaseBased
10435,CaseBased
415693,GeneticAlgorithms
705410,ReinforcementLearning
63915,NeuralNetworks
1919,ProbabilisticMethods
1106357,CaseBased
689427,RuleLearning
1120866,NeuralNetworks
656048,CaseBased
1116347,ReinforcementLearning
1131776,NeuralNetworks
24043,NeuralNetworks
47682,NeuralNetworks
104840,Theory
131318,NeuralNetworks
1153940,GeneticAlgorithms
119952,ProbabilisticMethods
1128208,GeneticAlgorithms
1130931,NeuralNetworks
1125393,CaseBased
1134055,NeuralNetworks
1949,CaseBased
210309,Theory
917493,NeuralNetworks
643485,ProbabilisticMethods
189708,ProbabilisticMethods
700862,ProbabilisticMethods
1114864,CaseBased
644427,ProbabilisticMethods
114,ReinforcementLearning
646919,GeneticAlgorithms
116528,Theory
7432,ReinforcementLearning
8594,RuleLearning
1127661,RuleLearning
1115790,NeuralNetworks
4804,Theory
252715,RuleLearning
1128860,RuleLearning
1134354,ProbabilisticMethods
1114150,NeuralNetworks
1131349,NeuralNetworks
1105932,RuleLearning
1131515,ProbabilisticMethods
1114537,NeuralNetworks
213279,NeuralNetworks
66805,GeneticAlgorithms
1117500,CaseBased
1131150,NeuralNetworks
592826,RuleLearning
359067,CaseBased
1105698,ProbabilisticMethods
1153320,ProbabilisticMethods
643221,ProbabilisticMethods
399173,CaseBased
1131359,GeneticAlgorithms
1116088,ReinforcementLearning
22564,CaseBased
1121367,Theory
626574,ProbabilisticMethods
1154452,GeneticAlgorithms
288,ReinforcementLearning
168332,ReinforcementLearning
738941,NeuralNetworks
157761,Theory
197783,NeuralNetworks
1126044,NeuralNetworks
1104126,RuleLearning
1111558,NeuralNetworks
10793,Theory
1120049,NeuralNetworks
1113739,ReinforcementLearning
743194,ProbabilisticMethods
387099,NeuralNetworks
25791,NeuralNetworks
56119,GeneticAlgorithms
1115860,ReinforcementLearning
1124398,NeuralNetworks
16485,NeuralNetworks
1121659,ProbabilisticMethods
45061,Theory
12576,GeneticAlgorithms
561610,ProbabilisticMethods
45605,GeneticAlgorithms
563613,NeuralNetworks
1110024,CaseBased
523010,NeuralNetworks
137849,ProbabilisticMethods
78549,NeuralNetworks
1135368,NeuralNetworks
1120731,ReinforcementLearning
62329,GeneticAlgorithms
835087,NeuralNetworks
519318,ProbabilisticMethods
8820,RuleLearning
593921,GeneticAlgorithms
1133846,NeuralNetworks
1115465,NeuralNetworks
1111788,Theory
1110978,ReinforcementLearning
787139,GeneticAlgorithms
1106966,ReinforcementLearning
1120555,NeuralNetworks
144408,NeuralNetworks
30933,Theory
1152727,NeuralNetworks
1104647,GeneticAlgorithms
1120086,NeuralNetworks
83746,NeuralNetworks
634975,GeneticAlgorithms
1119180,CaseBased
272345,CaseBased
1952,CaseBased
16470,NeuralNetworks
263553,NeuralNetworks
608292,GeneticAlgorithms
1130780,ProbabilisticMethods
1131226,ProbabilisticMethods
762058,NeuralNetworks
1128991,GeneticAlgorithms
1113673,NeuralNetworks
26850,NeuralNetworks
1124246,GeneticAlgorithms
1153479,ProbabilisticMethods
3097,CaseBased
207395,CaseBased
1112426,NeuralNetworks
72056,NeuralNetworks
8687,RuleLearning
399370,NeuralNetworks
642930,NeuralNetworks
107569,NeuralNetworks
1130657,CaseBased
1153594,NeuralNetworks
24476,ProbabilisticMethods
161221,NeuralNetworks
1135406,NeuralNetworks
17208,ReinforcementLearning
342802,NeuralNetworks
36162,ProbabilisticMethods
29492,NeuralNetworks
18880,CaseBased
36140,Theory
1153939,NeuralNetworks
86840,Theory
98698,GeneticAlgorithms
58436,CaseBased
1128316,GeneticAlgorithms
1152569,GeneticAlgorithms
1124837,ProbabilisticMethods
2665,NeuralNetworks
1152672,CaseBased
292255,GeneticAlgorithms
1130092,NeuralNetworks
1128969,GeneticAlgorithms
116084,RuleLearning
755217,ReinforcementLearning
12169,Theory
1113948,ProbabilisticMethods
289885,ProbabilisticMethods
753047,Theory
1131223,ProbabilisticMethods
1131470,CaseBased
1123302,NeuralNetworks
1115466,ProbabilisticMethods
1104435,ProbabilisticMethods
1121513,Theory
73145,ProbabilisticMethods
1154230,ProbabilisticMethods
1132864,ProbabilisticMethods
1110256,Theory
66566,GeneticAlgorithms
212107,ProbabilisticMethods
1114037,ProbabilisticMethods
16471,NeuralNetworks
13686,NeuralNetworks
1112504,Theory
242637,NeuralNetworks
102884,Theory
1112249,NeuralNetworks
51934,NeuralNetworks
37894,NeuralNetworks
593060,GeneticAlgorithms
282700,NeuralNetworks
16476,NeuralNetworks
94713,ProbabilisticMethods
400455,NeuralNetworks
195603,ProbabilisticMethods
1110125,NeuralNetworks
1131547,GeneticAlgorithms
650814,GeneticAlgorithms
1111265,NeuralNetworks
1130431,RuleLearning
3243,Theory
11325,RuleLearning
33904,GeneticAlgorithms
1132083,NeuralNetworks
169279,NeuralNetworks
1114352,NeuralNetworks
